Workbook

Sheet Start Here
A1: Smart Mess: queues, capacity and load balancing
A2: Central CT and Munch Mess · lunch 11:30–14:30 · MDS project, Group WGB3
B4: What this workbook shows
B5: Where the lunch queue forms, how much each part of the mess can handle, and how Smart Scan spreads students between the two messes. Three questions, one tab each, all built on the same simulated lunches.
B6: All figures are simulated: 20 simulated lunches per scenario from the Smart Mess model, using the inputs on the Assumptions tab. They show how the system behaves under those assumptions; they are not measurements.
B8: How to walk through it
B9: Tab | C9: What it answers | D9: Concept
B10: Assumptions | C10: What we assumed: students, timings, seats, stations, compliance | D10: Inputs
B11: Variables | C11: What each symbol means, with its value in a real slot (λ = …, ρ = …) | D11: Notation
B12: Q1 Scanner | C12: Can one face scanner keep up? | D12: 1 · Queue management (M/M/1)
B13: Q2 Serving stations | C13: Where does the line form, and when is it unstable? | D13: 1 · Queue management (M/M/c)
B14: Q3 Seats & disposal | C14: Do the seats or the bins ever hold students up? | D14: 1 · Queue management (M/G/c)
B15: Littles Law | C15: When is the mess steady, filling or emptying? | D15: 1 · Little's Law
B16: Capacity | C16: Seat turnover, capacity of each stage, the bottleneck | D16: 2 · Capacity management
B17: Load Balancing | C17: When we send students to the other mess, and why a fixed rule fails | D17: 3 · Load balancing
B18: Sim Data | C18: The simulated numbers every tab reads from | D18: Data
B19: Checks | C19: Do the numbers add up? | D19: Validation
B21: Headline results
B22: Bottleneck at both messes | C22: =Capacity!B36 -> Serving stations
B23: Central's serving stations at the 13:10 surge (today) | C23: =TEXT('Q2 Serving stations'!C6,"0%")&" busy: over capacity" -> 147% busy: over capacity
B24: Slots over capacity at Central: today → with screens | C24: ='Q2 Serving stations'!D6&" → "&'Q2 Serving stations'!D8 -> 6 → 4
B25: Seat turnover at Central | C25: =TEXT(Capacity!B22,"0.0")&" min per diner · "&TEXT(Capacity!B23,"0.0")&" diners per seat per hour" -> 16.2 min per diner · 3.7 diners per seat per hour
B26: Peak seats in use: Central / Munch | C26: =TEXT(Capacity!B29,"0%")&" of 900 / "&TEXT(Capacity!C29,"0%")&" of 492" -> 38% of 900 / 26% of 492
B27: Average wait: today → freshers-at-Munch rule → Smart Scan | C27: =TEXT('Load Balancing'!B64,"0.0")&" → "&TEXT('Load Balancing'!B65,"0.0")&" → "&TEXT('Load Balancing'!B71,"0.0")&" min" -> 4.3 → 2.9 → 0.8 min
B28: All checks | C28: =Checks!C16 -> ALL OK
B30: Colour key
B31: Blue text | C31: an input you can change
B32: Shaded yellow | C32: an assumption not yet measured
B33: Shaded grey | C33: simulated data
B34: Green text | C34: a value pulled from another tab
B35: Shaded green | C35: a key result
B36: Red / amber rows | C36: over capacity / near capacity
B38: To refresh the data: python tools/queue_capacity_data.py, then python tools/build_queue_capacity_workbook.py

Sheet Assumptions
A1: Assumptions
A2: Every input behind the simulated lunches, and where it comes from. Blue = input; shaded yellow = not measured yet.
A4: Assumption | B4: Value | C4: Unit | D4: Status | E4: Source / note
A5: Demand
A6: Students per lunch (both messes) | B6: 2960 | C6: students | D6: Measured | E6: Plates served (Phase 1)
A7: Share who eat at Central by habit (no screens) | B7: 0.797 | C7: share | D7: Measured | E7: Group: ~2,360 Central, ~600 Munch
A8: Lunch window | B8: 180 | C8: minutes | D8: Measured | E8: 11:30–14:30
A9: Total time in the mess: low (quiet) | B9: 17 | C9: minutes | D9: Group estimate | E9: Group: 17–35 min door to leaving, depending on the rush
A10: Total time in the mess: high (rush) | B10: 35 | C10: minutes | D10: Group estimate | E10: As above
A11: Arrival lag after a department's lunch break starts: mean | B11: 20 | C11: minutes | D11: Calibrated | E11: Fits the 17–35 min visit and ~15 min peak delay; department breaks from the group's timetable
A12: Arrival lag: spread | B12: 20 | C12: minutes | D12: Calibrated | E12: As above
A14: Stage 1 · Scan & collect plate (30–45 s)
A15: Face scanners per mess | B15: 1 | C15: scanners | D15: Measured | E15: Group observation
A16: Time per face scan | B16: 2 | C16: seconds | D16: Assumed | E16: Stopwatch at the scanner
A17: Collect a plate after the scan (28–43 s) | B17: 35.5 | C17: seconds | D17: Group estimate | E17: Group: scan + plate takes 30–45 s
A19: Stage 2 · Collect food (1–2 min, plus the queue)
A20: Serving stations per mess | B20: 2 | C20: stations | D20: Measured | E20: Group observation
A21: Service rate per station | B21: 10 | C21: students/min | D21: Assumed | E21: ≈6 s per student; stopwatch 20–30 students
A22: Variability of serving time (coefficient of variation) | B22: 0.6 | C22: ratio | D22: Assumed | E22: 1.0 would be exponential, as M/M/c assumes
A23: Rest of food collection after the station (54–114 s) | B23: 84 | C23: seconds | D23: Group estimate | E23: Group: collecting food takes 1–2 min without a queue (serving ≈ 6 s + the rest); the queue adds up to ~15 min in the rush
A25: Stage 3 · Eat (14–18 min)
A26: Seats: Central CT | B26: 900 | C26: seats | D26: Measured | E26: CT manager
A27: Seats: Munch Mess | B27: 492 | C27: seats | D27: Measured | E27: CT manager
A28: Eating time: low | B28: 14 | C28: minutes | D28: Group estimate | E28: Group: 14–18 min
A29: Eating time: high | B29: 18 | C29: minutes | D29: Group estimate | E29: As above
A30: Seat changeover (next diner sits after the last leaves) | B30: 0.2 | C30: minutes | D30: Assumed | E30: Students clear their own plate; no table cleaning delays between diners as such. Used in the seat-turnover formulas
A32: Stage 4 · Dispose of plate (1–2 min)
A33: Disposal: low | B33: 1 | C33: minutes | D33: Group estimate | E33: Group: 2 min at most
A34: Disposal: high | B34: 2 | C34: minutes | D34: Group estimate | E34: As above
A36: Load balancing (door screens)
A37: Share who follow a screen's advice | B37: 0.6 | C37: share | D37: Assumed | E37: Imaginary adoption rate to measure impact; the pilot measures the real one
A38: Walk between the two mess doors | B38: 0.5 | C38: minutes | D38: Timed | E38: 30 s
A39: Minimum saving before a screen suggests switching | B39: 2 | C39: minutes | D39: Rule-based routing | E39: Our design choice
A40: Freshers as a share of every department (for the fixed freshers-at-Munch rule) | B40: 0.25 | C40: share | D40: Assumed | E40: First year of a four-year course; the messes first split students this way
A42: Simulation
A43: Simulated lunches averaged per scenario | B43: 20 | C43: lunches | D43: Design | E43: Seeds 0–19; the same students in every scenario
A44: Time-slot length in the tables | B44: 10 | C44: minutes | D44: Design | E44: 18 slots from 11:30
A47: Department lunch breaks (they shape the surge; sizes are rough, scaled to the plates served)
A48: Department | B48: Students (scaled) | C48: Break starts | D48: Break ends | E48: Status
A49: MIT | B49: 569 | C49: 12:00 | D49: 13:00 | E49: Timetable from the group
A50: MIT (lab day) | B50: 465 | C50: 13:00 | D50: 14:00 | E50: Timetable from the group; MIT eats here on lab days (45% assumed)
A51: TAPMI | B51: 799 | C51: 13:05 | D51: 14:00 | E51: Timetable from the group
A52: DOC/MICFE | B52: 517 | C52: 12:30 | D52: 13:30 | E52: Timetable from the group
A53: SMI | B53: 423 | C53: 12:00 | D53: 13:00 | E53: Timetable from the group
A54: DLHS/MILHS | B54: 94 | C54: 12:40 | D54: 13:40 | E54: Timetable from the group
A55: MLS | B55: 47 | C55: 12:50 | D55: 13:50 | E55: Timetable from the group
A56: MIRM | B56: 47 | C56: 12:30 | D56: 13:30 | E56: Timetable from the group; timing assumed

Sheet Variables
A1: Variables
A2: What every symbol means, how it is calculated, and its value in a real slot of the simulated lunch
A4: 1. Serving stations at Central, 12:10–12:20 today (M/M/c, stable)
A5: A worked example: every symbol below is calculated live from the simulated 12:10 slot, the first busy slot of the lunch.
A6: Symbol | B6: Name | C6: What it means at the mess | D6: Formula | E6: Value | F6: Unit | G6: Reads as
A7: λ | B7: Arrival rate | C7: Students joining Central's serving line per minute in this slot | D7: counted in the simulation | E7: ='Sim Data'!$E$27 -> 18.49 | F7: students/min | G7: =A7&" = "&IF(ISNUMBER(E7),TEXT(E7,"0.0"),E7)&IF(F7="",""," "&F7) -> λ = 18.5 students/min
A8: Ws | B8: Service time | C8: Average time one student spends being served at a station | D8: measured in the simulation | E8: ='Sim Data'!$G$27 -> 0.1004 | F8: min | G8: =A8&" = "&IF(ISNUMBER(E8),TEXT(E8,"0.00"),E8)&IF(F8="",""," "&F8) -> Ws = 0.10 min
A9: μ | B9: Service rate per station | C9: Students one station can serve per minute | D9: μ = 1 ÷ Ws | E9: =1/E8 -> 9.9601594 | F9: students/min | G9: =A9&" = "&IF(ISNUMBER(E9),TEXT(E9,"0.0"),E9)&IF(F9="",""," "&F9) -> μ = 10.0 students/min
A10: c | B10: Servers | C10: Serving stations at Central | D10: measured | E10: =Assumptions!$B$20 -> 2 | F10: stations | G10: =A10&" = "&IF(ISNUMBER(E10),TEXT(E10,"0"),E10)&IF(F10="",""," "&F10) -> c = 2 stations
A11: a | B11: Offered load | C11: Work arriving, in 'stations' worth of serving | D11: a = λ ÷ μ | E11: =E7/E9 -> 1.856396 | F11: stations | G11: =A11&" = "&IF(ISNUMBER(E11),TEXT(E11,"0.00"),E11)&IF(F11="",""," "&F11) -> a = 1.86 stations
A12: ρ | B12: Utilisation | C12: Share of the time each station is busy | D12: ρ = λ ÷ (c·μ) | E12: =E7/(E10*E9) -> 0.928198 | G12: =A12&" = "&IF(ISNUMBER(E12),TEXT(E12,"0%"),E12)&IF(F12="",""," "&F12) -> ρ = 93%
A13: Stable? | B13: Stability test | C13: Can the stations keep up, so the line settles to a steady size? | D13: stable if ρ < 1 | E13: =IF(E12<1,"yes","no") -> yes | G13: =A13&" = "&IF(ISNUMBER(E13),TEXT(E13,"0.00"),E13)&IF(F13="",""," "&F13) -> Stable? = yes
A14: P0 | B14: Probability empty | C14: Chance nobody is waiting or being served | D14: [Σ aᵏ/k! (k < c) + aᶜ/(c!(1−ρ))]⁻¹ | E14: =1/(SUMPRODUCT(--({0,1,2,3,4,5,6,7,8,9}<E10),E11^{0,1,2,3,4,5,6,7,8,9}/FACT({0,1,2,3,4,5,6,7,8,9}))+E11^E10/FACT(E10)/(1-E12)) -> 0.037237877 | G14: =A14&" = "&IF(ISNUMBER(E14),TEXT(E14,"0.000"),E14)&IF(F14="",""," "&F14) -> P0 = 0.037
A15: C | B15: Probability of waiting (Erlang C) | C15: Chance an arriving student has to wait at all | D15: C = aᶜ/(c!(1−ρ)) × P0 | E15: =E11^E10/FACT(E10)/(1-E12)*E14 -> 0.89363388 | G15: =A15&" = "&IF(ISNUMBER(E15),TEXT(E15,"0%"),E15)&IF(F15="",""," "&F15) -> C = 89%
A16: Wq | B16: Wait in the line | C16: Average minutes from joining the line to reaching a station | D16: Wq = C ÷ (c·μ − λ) | E16: =E15/(E10*E9-E7) -> 0.62477954 | F16: min | G16: =A16&" = "&IF(ISNUMBER(E16),TEXT(E16,"0.00"),E16)&IF(F16="",""," "&F16) -> Wq = 0.62 min
A17: Wq cv | B17: Wait, corrected for regular serving | C17: Serving times vary less than M/M/c assumes (cv 0.6), so the real wait is shorter | D17: Wq × (1 + cv²) ÷ 2 | E17: =E16*(1+Assumptions!$B$22^2)/2 -> 0.42485009 | F17: min | G17: =A17&" = "&IF(ISNUMBER(E17),TEXT(E17,"0.00"),E17)&IF(F17="",""," "&F17) -> Wq cv = 0.42 min
A18: W | B18: Time at the stage | C18: Wait plus being served | D18: W = Wq + Ws | E18: =E16+E8 -> 0.72517954 | F18: min | G18: =A18&" = "&IF(ISNUMBER(E18),TEXT(E18,"0.00"),E18)&IF(F18="",""," "&F18) -> W = 0.73 min
A19: Lq | B19: Students in the line | C19: Average number standing in the line | D19: Lq = λ × Wq (Little's Law) | E19: =E7*E16 -> 11.552174 | F19: students | G19: =A19&" = "&IF(ISNUMBER(E19),TEXT(E19,"0.0"),E19)&IF(F19="",""," "&F19) -> Lq = 11.6 students
A20: Ls | B20: Students being served | C20: Average number at the stations | D20: Ls = λ × Ws | E20: =E7*E8 -> 1.856396 | F20: students | G20: =A20&" = "&IF(ISNUMBER(E20),TEXT(E20,"0.0"),E20)&IF(F20="",""," "&F20) -> Ls = 1.9 students
A21: L | B21: Students at the stage | C21: Everyone at the serving stage | D21: L = λ × W (Little's Law) | E21: =E7*E18 -> 13.40857 | F21: students | G21: =A21&" = "&IF(ISNUMBER(E21),TEXT(E21,"0.0"),E21)&IF(F21="",""," "&F21) -> L = 13.4 students
A22: Wq sim | B22: Simulated wait | C22: What the simulated students actually waited | D22: from the simulation | E22: ='Sim Data'!$F$27 -> 0.2595 | F22: min | G22: =A22&" = "&IF(ISNUMBER(E22),TEXT(E22,"0.00"),E22)&IF(F22="",""," "&F22) -> Wq sim = 0.26 min
A23: Lq sim | B23: Simulated line length | C23: Average number the simulation had waiting | D23: from the simulation | E23: ='Sim Data'!$H$27 -> 4.575 | F23: students | G23: =A23&" = "&IF(ISNUMBER(E23),TEXT(E23,"0.0"),E23)&IF(F23="",""," "&F23) -> Lq sim = 4.6 students
A24: Little | B24: Little's Law check | C24: Simulated line length ÷ (λ × simulated wait). Close to 1 means steady | D24: Lq sim ÷ (λ × Wq sim) | E24: =E23/(E7*E22) -> 0.9534915 | G24: =A24&" = "&IF(ISNUMBER(E24),TEXT(E24,"0.00"),E24)&IF(F24="",""," "&F24) -> Little = 0.95
A26: 2. Serving stations at Central, 13:10–13:20 today (overloaded)
A27: When ρ ≥ 1 the textbook formulas stop applying: the line grows every minute until arrivals fall.
A28: Symbol | B28: Name | C28: What it means at the mess | D28: Formula | E28: Value | F28: Unit | G28: Reads as
A29: λ | B29: Arrival rate | C29: Students joining Central's line per minute at the 13:10 surge | D29: counted in the simulation | E29: ='Sim Data'!$E$33 -> 29.14 | F29: students/min | G29: =A29&" = "&IF(ISNUMBER(E29),TEXT(E29,"0.0"),E29)&IF(F29="",""," "&F29) -> λ = 29.1 students/min
A30: c·μ | B30: Capacity | C30: Most the two stations can serve per minute | D30: c × μ | E30: =Assumptions!$B$20*Assumptions!$B$21 -> 20 | F30: students/min | G30: =A30&" = "&IF(ISNUMBER(E30),TEXT(E30,"0.0"),E30)&IF(F30="",""," "&F30) -> c·μ = 20.0 students/min
A31: ρ | B31: Utilisation | C31: Above 100% the stations cannot keep up | D31: ρ = λ ÷ (c·μ) | E31: =E29/E30 -> 1.457 | G31: =A31&" = "&IF(ISNUMBER(E31),TEXT(E31,"0%"),E31)&IF(F31="",""," "&F31) -> ρ = 146%
A32: Growth | B32: Line growth | C32: Extra students added to the line during these 10 minutes | D32: (λ − c·μ) × 10 | E32: =MAX(0,(E29-E30)*10) -> 91.4 | F32: students | G32: =A32&" = "&IF(ISNUMBER(E32),TEXT(E32,"0"),E32)&IF(F32="",""," "&F32) -> Growth = 91 students
A33: Wq | B33: Steady-state wait | C33: Not defined: with ρ ≥ 1 the line has no steady size | D33: only if ρ < 1 | E33: =IF(E31<1,"defined","none (ρ ≥ 1)") -> none (ρ ≥ 1) | G33: =A33&" = "&IF(ISNUMBER(E33),TEXT(E33,"0.00"),E33)&IF(F33="",""," "&F33) -> Wq = none (ρ ≥ 1)
A35: 3. Biometric scanner at Central, 13:10–13:20 today (M/M/1)
A36: One scanner per mess: the simplest queue, a single server.
A37: Symbol | B37: Name | C37: What it means at the mess | D37: Formula | E37: Value | F37: Unit | G37: Reads as
A38: λ | B38: Arrival rate | C38: Students reaching the face scanner per minute | D38: counted in the simulation | E38: ='Sim Data'!$E$15 -> 29.56 | F38: students/min | G38: =A38&" = "&IF(ISNUMBER(E38),TEXT(E38,"0.0"),E38)&IF(F38="",""," "&F38) -> λ = 29.6 students/min
A39: μ | B39: Scan rate | C39: Students one scanner can handle per minute | D39: μ = 60 ÷ seconds per scan | E39: =60/Assumptions!$B$16 -> 30 | F39: students/min | G39: =A39&" = "&IF(ISNUMBER(E39),TEXT(E39,"0.0"),E39)&IF(F39="",""," "&F39) -> μ = 30.0 students/min
A40: ρ | B40: Utilisation | C40: Share of the time the scanner is busy | D40: ρ = λ ÷ μ | E40: =E38/E39 -> 0.98533333 | G40: =A40&" = "&IF(ISNUMBER(E40),TEXT(E40,"0%"),E40)&IF(F40="",""," "&F40) -> ρ = 99%
A41: Wq | B41: Wait (M/M/1) | C41: Textbook wait outside the door | D41: Wq = ρ ÷ (μ − λ) | E41: =IF(E40<1,E40/(E39-E38),"none (ρ ≥ 1)") -> 2.2393939 | F41: min | G41: =A41&" = "&IF(ISNUMBER(E41),TEXT(E41,"0.00"),E41)&IF(F41="",""," "&F41) -> Wq = 2.24 min
A42: cv | B42: Scan-time variability | C42: Real scans are regular, unlike the exponential times M/M/1 assumes | D42: assumed | E42: 0.3 | G42: =A42&" = "&IF(ISNUMBER(E42),TEXT(E42,"0.0"),E42)&IF(F42="",""," "&F42) -> cv = 0.3
A43: Wq M/G/1 | B43: Corrected wait | C43: Pollaczek–Khinchine correction for regular service | D43: Wq × (1 + cv²) ÷ 2 | E43: =IF(ISNUMBER(E41),E41*(1+E42^2)/2,"none") -> 1.2204697 | F43: min | G43: =A43&" = "&IF(ISNUMBER(E43),TEXT(E43,"0.00"),E43)&IF(F43="",""," "&F43) -> Wq M/G/1 = 1.22 min
A44: Wq sim | B44: Simulated wait | C44: What the simulated students waited at the scanner | D44: from the simulation | E44: ='Sim Data'!$F$15 -> 0.3055 | F44: min | G44: =A44&" = "&IF(ISNUMBER(E44),TEXT(E44,"0.00"),E44)&IF(F44="",""," "&F44) -> Wq sim = 0.31 min
A46: 4. Seats at Munch Mess (capacity)
A47: Little's Law also measures capacity: the seats can absorb N ÷ T students a minute.
A48: Symbol | B48: Name | C48: What it means at the mess | D48: Formula | E48: Value | F48: Unit | G48: Reads as
A49: N | B49: Seats | C49: Seats at Munch Mess | D49: measured | E49: =Assumptions!$B$27 -> 492 | F49: seats | G49: =A49&" = "&IF(ISNUMBER(E49),TEXT(E49,"0"),E49)&IF(F49="",""," "&F49) -> N = 492 seats
A50: T | B50: Seat turnover time | C50: Minutes one diner holds a seat, plus changeover | D50: eating time + changeover | E50: =(Assumptions!$B$28+Assumptions!$B$29)/2+Assumptions!$B$30 -> 16.2 | F50: min | G50: =A50&" = "&IF(ISNUMBER(E50),TEXT(E50,"0.0"),E50)&IF(F50="",""," "&F50) -> T = 16.2 min
A51: Turns | B51: Turnover rate | C51: Diners one seat serves per hour | D51: 60 ÷ T | E51: =60/E50 -> 3.7037037 | F51: per hour | G51: =A51&" = "&IF(ISNUMBER(E51),TEXT(E51,"0.0"),E51)&IF(F51="",""," "&F51) -> Turns = 3.7 per hour
A52: λmax | B52: Seating capacity | C52: Most students per minute the seats can take (Little's Law rearranged) | D52: λmax = N ÷ T | E52: =E49/E50 -> 30.37037 | F52: students/min | G52: =A52&" = "&IF(ISNUMBER(E52),TEXT(E52,"0.0"),E52)&IF(F52="",""," "&F52) -> λmax = 30.4 students/min
A54: Which model fits which process
A55: Process | B55: Model | C55: Why | G55: Tab
A56: Biometric scan | B56: M/M/1 | C56: One scanner per mess; students queue outside the door. Scans are regular, so the M/G/1 correction is closer | G56: Q1 Scanner
A57: Serving stations | B57: M/M/c, c = 2 | C57: Two stations fed from one line; this is where the queue forms | G57: Q2 Serving stations
A58: Seats | B58: M/G/c, c = seats | C58: Each seat is a server and a meal is its service; with 900 and 492 seats nobody waits | G58: Q3 Seats & disposal
A59: Disposal | B59: M/G/∞ | C59: Several bins and no waiting, so only L = λ × W applies | G59: Q3 Seats & disposal
A60: Whole visit | B60: Little's Law | C60: People inside = arrivals per minute × minutes inside | G60: Littles Law

Sheet Q1 Scanner
A1: Biometric scan: M/M/1
A2: M/M/1, one face scanner per mess. Arrivals, waits and line lengths are simulated; utilisation, stability and the textbook waits are formulas.
A4: Summary
A5: Scenario | B5: Mess | C5: Peak ρ | D5: Slots over | E5: Slots near | F5: Worst wait | G5: Avg wait
A6: Today (no screens) | B6: Central CT | C6: =_xlfn.MAXIFS($H$28:$H$99,$A$28:$A$99,"Today (no screens)",$B$28:$B$99,"Central CT") -> 0.984348 | D6: =COUNTIFS($A$28:$A$99,"Today (no screens)",$B$28:$B$99,"Central CT",$H$28:$H$99,">=1") -> 0 | E6: =COUNTIFS($A$28:$A$99,"Today (no screens)",$B$28:$B$99,"Central CT",$H$28:$H$99,">=0.85",$H$28:$H$99,"<1") -> 2 | F6: =_xlfn.MAXIFS($L$28:$L$99,$A$28:$A$99,"Today (no screens)",$B$28:$B$99,"Central CT") -> 0.3055 | G6: =SUMPRODUCT(($A$28:$A$99="Today (no screens)")*($B$28:$B$99="Central CT")*$L$28:$L$99*$D$28:$D$99)/SUMPRODUCT(($A$28:$A$99="Today (no screens)")*($B$28:$B$99="Central CT")*$D$28:$D$99) -> 0.1075207
A7: Today (no screens) | B7: Munch Mess | C7: =_xlfn.MAXIFS($H$28:$H$99,$A$28:$A$99,"Today (no screens)",$B$28:$B$99,"Munch Mess") -> 0.2490725 | D7: =COUNTIFS($A$28:$A$99,"Today (no screens)",$B$28:$B$99,"Munch Mess",$H$28:$H$99,">=1") -> 0 | E7: =COUNTIFS($A$28:$A$99,"Today (no screens)",$B$28:$B$99,"Munch Mess",$H$28:$H$99,">=0.85",$H$28:$H$99,"<1") -> 0 | F7: =_xlfn.MAXIFS($L$28:$L$99,$A$28:$A$99,"Today (no screens)",$B$28:$B$99,"Munch Mess") -> 0.0067 | G7: =SUMPRODUCT(($A$28:$A$99="Today (no screens)")*($B$28:$B$99="Munch Mess")*$L$28:$L$99*$D$28:$D$99)/SUMPRODUCT(($A$28:$A$99="Today (no screens)")*($B$28:$B$99="Munch Mess")*$D$28:$D$99) -> 0.0041760043
A8: With Smart Scan screens | B8: Central CT | C8: =_xlfn.MAXIFS($H$28:$H$99,$A$28:$A$99,"With Smart Scan screens",$B$28:$B$99,"Central CT") -> 0.7251075 | D8: =COUNTIFS($A$28:$A$99,"With Smart Scan screens",$B$28:$B$99,"Central CT",$H$28:$H$99,">=1") -> 0 | E8: =COUNTIFS($A$28:$A$99,"With Smart Scan screens",$B$28:$B$99,"Central CT",$H$28:$H$99,">=0.85",$H$28:$H$99,"<1") -> 0 | F8: =_xlfn.MAXIFS($L$28:$L$99,$A$28:$A$99,"With Smart Scan screens",$B$28:$B$99,"Central CT") -> 0.0696 | G8: =SUMPRODUCT(($A$28:$A$99="With Smart Scan screens")*($B$28:$B$99="Central CT")*$L$28:$L$99*$D$28:$D$99)/SUMPRODUCT(($A$28:$A$99="With Smart Scan screens")*($B$28:$B$99="Central CT")*$D$28:$D$99) -> 0.040671456
A9: With Smart Scan screens | B9: Munch Mess | C9: =_xlfn.MAXIFS($H$28:$H$99,$A$28:$A$99,"With Smart Scan screens",$B$28:$B$99,"Munch Mess") -> 0.534901 | D9: =COUNTIFS($A$28:$A$99,"With Smart Scan screens",$B$28:$B$99,"Munch Mess",$H$28:$H$99,">=1") -> 0 | E9: =COUNTIFS($A$28:$A$99,"With Smart Scan screens",$B$28:$B$99,"Munch Mess",$H$28:$H$99,">=0.85",$H$28:$H$99,"<1") -> 0 | F9: =_xlfn.MAXIFS($L$28:$L$99,$A$28:$A$99,"With Smart Scan screens",$B$28:$B$99,"Munch Mess") -> 0.0349 | G9: =SUMPRODUCT(($A$28:$A$99="With Smart Scan screens")*($B$28:$B$99="Munch Mess")*$L$28:$L$99*$D$28:$D$99)/SUMPRODUCT(($A$28:$A$99="With Smart Scan screens")*($B$28:$B$99="Munch Mess")*$D$28:$D$99) -> 0.016213995
A10: Slots over = ρ ≥ 100% · slots near = 85–100% · waits in minutes (simulated)
A12: Takeaway: One scanner per mess handles about 30 students a minute. It keeps up all lunch, though Central's scanner gets close (about 98% busy) in the 13:10 surge. Real scans are steadier than M/M/1 assumes, so the corrected wait sits closer to the simulation. Anyone queueing here is still outside the door, so the live system cannot see them yet.
A20: In the table below: red = over capacity (the line keeps growing), amber = near capacity (waits rise steeply).
A26: Slot by slot (filter by scenario or mess)
A27: Scenario | B27: Mess | C27: Slot | D27: λ (/min) | E27: Service time (min) | F27: μ (/min) | G27: c | H27: ρ | I27: Stable? | J27: Wq textbook (min) | K27: Wq corrected for cv (min) | L27: Wq simulated (min) | M27: Lq simulated | N27: λ × Wq simulated | O27: Little's Law: Lq ÷ λWq | P27: What it means
A28: Today (no screens) | B28: Central CT | C28: 11:30 | D28: ='Sim Data'!$E$5 -> 0 | E28: ='Sim Data'!$G$5 -> 0 | F28: =IF(E28>0,1/E28,60/Assumptions!$B$16) -> 30 | G28: =Assumptions!$B$15 -> 1 | H28: =D28/(G28*F28) -> 0 | I28: =IF(D28=0,"no arrivals",IF(H28<0.85,"stable",IF(H28<1,"near capacity","over capacity"))) -> no arrivals | J28: =IF(AND(D28>0,H28<1),H28/(F28-D28),"—") -> — | K28: =IF(ISNUMBER(J28),(1+0.3^2)/2*J28,"—") -> — | L28: ='Sim Data'!$F$5 -> 0 | M28: ='Sim Data'!$H$5 -> 0 | N28: =D28*L28 -> 0 | O28: =IF(MAX(M28,N28)<0.5,"both ≈ 0",IF(N28=0,"no new arrivals",M28/N28)) -> both ≈ 0 | P28: =IF(D28=0,"",IF(H28>=1,"No steady state: the line grows by about "&TEXT((D28-G28*F28)*10,"0")&" in 10 min",IF(ISNUMBER(O28),IF(ABS(O28-1)<=0.2,"Steady: Little's Law holds",IF(O28>1,"Draining a line left from earlier","Line still building")),"Hardly any line")))
A29: Today (no screens) | B29: Central CT | C29: 11:40 | D29: ='Sim Data'!$E$6 -> 0 | E29: ='Sim Data'!$G$6 -> 0 | F29: =IF(E29>0,1/E29,60/Assumptions!$B$16) -> 30 | G29: =Assumptions!$B$15 -> 1 | H29: =D29/(G29*F29) -> 0 | I29: =IF(D29=0,"no arrivals",IF(H29<0.85,"stable",IF(H29<1,"near capacity","over capacity"))) -> no arrivals | J29: =IF(AND(D29>0,H29<1),H29/(F29-D29),"—") -> — | K29: =IF(ISNUMBER(J29),(1+0.3^2)/2*J29,"—") -> — | L29: ='Sim Data'!$F$6 -> 0 | M29: ='Sim Data'!$H$6 -> 0 | N29: =D29*L29 -> 0 | O29: =IF(MAX(M29,N29)<0.5,"both ≈ 0",IF(N29=0,"no new arrivals",M29/N29)) -> both ≈ 0 | P29: =IF(D29=0,"",IF(H29>=1,"No steady state: the line grows by about "&TEXT((D29-G29*F29)*10,"0")&" in 10 min",IF(ISNUMBER(O29),IF(ABS(O29-1)<=0.2,"Steady: Little's Law holds",IF(O29>1,"Draining a line left from earlier","Line still building")),"Hardly any line")))
A30: Today (no screens) | B30: Central CT | C30: 11:50 | D30: ='Sim Data'!$E$7 -> 0 | E30: ='Sim Data'!$G$7 -> 0 | F30: =IF(E30>0,1/E30,60/Assumptions!$B$16) -> 30 | G30: =Assumptions!$B$15 -> 1 | H30: =D30/(G30*F30) -> 0 | I30: =IF(D30=0,"no arrivals",IF(H30<0.85,"stable",IF(H30<1,"near capacity","over capacity"))) -> no arrivals | J30: =IF(AND(D30>0,H30<1),H30/(F30-D30),"—") -> — | K30: =IF(ISNUMBER(J30),(1+0.3^2)/2*J30,"—") -> — | L30: ='Sim Data'!$F$7 -> 0 | M30: ='Sim Data'!$H$7 -> 0 | N30: =D30*L30 -> 0 | O30: =IF(MAX(M30,N30)<0.5,"both ≈ 0",IF(N30=0,"no new arrivals",M30/N30)) -> both ≈ 0 | P30: =IF(D30=0,"",IF(H30>=1,"No steady state: the line grows by about "&TEXT((D30-G30*F30)*10,"0")&" in 10 min",IF(ISNUMBER(O30),IF(ABS(O30-1)<=0.2,"Steady: Little's Law holds",IF(O30>1,"Draining a line left from earlier","Line still building")),"Hardly any line")))
A31: Today (no screens) | B31: Central CT | C31: 12:00 | D31: ='Sim Data'!$E$8 -> 14.52 | E31: ='Sim Data'!$G$8 -> 0.0335 | F31: =IF(E31>0,1/E31,60/Assumptions!$B$16) -> 29.850746 | G31: =Assumptions!$B$15 -> 1 | H31: =D31/(G31*F31) -> 0.48642 | I31: =IF(D31=0,"no arrivals",IF(H31<0.85,"stable",IF(H31<1,"near capacity","over capacity"))) -> stable | J31: =IF(AND(D31>0,H31<1),H31/(F31-D31),"—") -> 0.031728397 | K31: =IF(ISNUMBER(J31),(1+0.3^2)/2*J31,"—") -> 0.017291976 | L31: ='Sim Data'!$F$8 -> 0.0195 | M31: ='Sim Data'!$H$8 -> 0.2811 | N31: =D31*L31 -> 0.28314 | O31: =IF(MAX(M31,N31)<0.5,"both ≈ 0",IF(N31=0,"no new arrivals",M31/N31)) -> both ≈ 0 | P31: =IF(D31=0,"",IF(H31>=1,"No steady state: the line grows by about "&TEXT((D31-G31*F31)*10,"0")&" in 10 min",IF(ISNUMBER(O31),IF(ABS(O31-1)<=0.2,"Steady: Little's Law holds",IF(O31>1,"Draining a line left from earlier","Line still building")),"Hardly any line"))) -> Hardly any line
A32: Today (no screens) | B32: Central CT | C32: 12:10 | D32: ='Sim Data'!$E$9 -> 18.77 | E32: ='Sim Data'!$G$9 -> 0.0333 | F32: =IF(E32>0,1/E32,60/Assumptions!$B$16) -> 30.03003 | G32: =Assumptions!$B$15 -> 1 | H32: =D32/(G32*F32) -> 0.625041 | I32: =IF(D32=0,"no arrivals",IF(H32<0.85,"stable",IF(H32<1,"near capacity","over capacity"))) -> stable | J32: =IF(AND(D32>0,H32<1),H32/(F32-D32),"—") -> 0.05550971 | K32: =IF(ISNUMBER(J32),(1+0.3^2)/2*J32,"—") -> 0.030252792 | L32: ='Sim Data'!$F$9 -> 0.0272 | M32: ='Sim Data'!$H$9 -> 0.5063 | N32: =D32*L32 -> 0.510544 | O32: =IF(MAX(M32,N32)<0.5,"both ≈ 0",IF(N32=0,"no new arrivals",M32/N32)) -> 0.9916873 | P32: =IF(D32=0,"",IF(H32>=1,"No steady state: the line grows by about "&TEXT((D32-G32*F32)*10,"0")&" in 10 min",IF(ISNUMBER(O32),IF(ABS(O32-1)<=0.2,"Steady: Little's Law holds",IF(O32>1,"Draining a line left from earlier","Line still building")),"Hardly any line"))) -> Steady: Little's Law holds
A33: Today (no screens) | B33: Central CT | C33: 12:20 | D33: ='Sim Data'!$E$10 -> 18.825 | E33: ='Sim Data'!$G$10 -> 0.0335 | F33: =IF(E33>0,1/E33,60/Assumptions!$B$16) -> 29.850746 | G33: =Assumptions!$B$15 -> 1 | H33: =D33/(G33*F33) -> 0.6306375 | I33: =IF(D33=0,"no arrivals",IF(H33<0.85,"stable",IF(H33<1,"near capacity","over capacity"))) -> stable | J33: =IF(AND(D33>0,H33<1),H33/(F33-D33),"—") -> 0.057196809 | K33: =IF(ISNUMBER(J33),(1+0.3^2)/2*J33,"—") -> 0.031172261 | L33: ='Sim Data'!$F$10 -> 0.037 | M33: ='Sim Data'!$H$10 -> 0.701 | N33: =D33*L33 -> 0.696525 | O33: =IF(MAX(M33,N33)<0.5,"both ≈ 0",IF(N33=0,"no new arrivals",M33/N33)) -> 1.0064248 | P33: =IF(D33=0,"",IF(H33>=1,"No steady state: the line grows by about "&TEXT((D33-G33*F33)*10,"0")&" in 10 min",IF(ISNUMBER(O33),IF(ABS(O33-1)<=0.2,"Steady: Little's Law holds",IF(O33>1,"Draining a line left from earlier","Line still building")),"Hardly any line"))) -> Steady: Little's Law holds
A34: Today (no screens) | B34: Central CT | C34: 12:30 | D34: ='Sim Data'!$E$11 -> 22.915 | E34: ='Sim Data'!$G$11 -> 0.0335 | F34: =IF(E34>0,1/E34,60/Assumptions!$B$16) -> 29.850746 | G34: =Assumptions!$B$15 -> 1 | H34: =D34/(G34*F34) -> 0.7676525 | I34: =IF(D34=0,"no arrivals",IF(H34<0.85,"stable",IF(H34<1,"near capacity","over capacity"))) -> stable | J34: =IF(AND(D34>0,H34<1),H34/(F34-D34),"—") -> 0.11068059 | K34: =IF(ISNUMBER(J34),(1+0.3^2)/2*J34,"—") -> 0.060320922 | L34: ='Sim Data'!$F$11 -> 0.068 | M34: ='Sim Data'!$H$11 -> 1.5535 | N34: =D34*L34 -> 1.55822 | O34: =IF(MAX(M34,N34)<0.5,"both ≈ 0",IF(N34=0,"no new arrivals",M34/N34)) -> 0.9969709 | P34: =IF(D34=0,"",IF(H34>=1,"No steady state: the line grows by about "&TEXT((D34-G34*F34)*10,"0")&" in 10 min",IF(ISNUMBER(O34),IF(ABS(O34-1)<=0.2,"Steady: Little's Law holds",IF(O34>1,"Draining a line left from earlier","Line still building")),"Hardly any line"))) -> Steady: Little's Law holds
A35: Today (no screens) | B35: Central CT | C35: 12:40 | D35: ='Sim Data'!$E$12 -> 20.35 | E35: ='Sim Data'!$G$12 -> 0.0334 | F35: =IF(E35>0,1/E35,60/Assumptions!$B$16) -> 29.94012 | G35: =Assumptions!$B$15 -> 1 | H35: =D35/(G35*F35) -> 0.67969 | I35: =IF(D35=0,"no arrivals",IF(H35<0.85,"stable",IF(H35<1,"near capacity","over capacity"))) -> stable | J35: =IF(AND(D35>0,H35<1),H35/(F35-D35),"—") -> 0.070873985 | K35: =IF(ISNUMBER(J35),(1+0.3^2)/2*J35,"—") -> 0.038626322 | L35: ='Sim Data'!$F$12 -> 0.0399 | M35: ='Sim Data'!$H$12 -> 0.8137 | N35: =D35*L35 -> 0.811965 | O35: =IF(MAX(M35,N35)<0.5,"both ≈ 0",IF(N35=0,"no new arrivals",M35/N35)) -> 1.0021368 | P35: =IF(D35=0,"",IF(H35>=1,"No steady state: the line grows by about "&TEXT((D35-G35*F35)*10,"0")&" in 10 min",IF(ISNUMBER(O35),IF(ABS(O35-1)<=0.2,"Steady: Little's Law holds",IF(O35>1,"Draining a line left from earlier","Line still building")),"Hardly any line"))) -> Steady: Little's Law holds
A36: Today (no screens) | B36: Central CT | C36: 12:50 | D36: ='Sim Data'!$E$13 -> 16.86 | E36: ='Sim Data'!$G$13 -> 0.0334 | F36: =IF(E36>0,1/E36,60/Assumptions!$B$16) -> 29.94012 | G36: =Assumptions!$B$15 -> 1 | H36: =D36/(G36*F36) -> 0.563124 | I36: =IF(D36=0,"no arrivals",IF(H36<0.85,"stable",IF(H36<1,"near capacity","over capacity"))) -> stable | J36: =IF(AND(D36>0,H36<1),H36/(F36-D36),"—") -> 0.043051899 | K36: =IF(ISNUMBER(J36),(1+0.3^2)/2*J36,"—") -> 0.023463285 | L36: ='Sim Data'!$F$13 -> 0.0222 | M36: ='Sim Data'!$H$13 -> 0.3785 | N36: =D36*L36 -> 0.374292 | O36: =IF(MAX(M36,N36)<0.5,"both ≈ 0",IF(N36=0,"no new arrivals",M36/N36)) -> both ≈ 0 | P36: =IF(D36=0,"",IF(H36>=1,"No steady state: the line grows by about "&TEXT((D36-G36*F36)*10,"0")&" in 10 min",IF(ISNUMBER(O36),IF(ABS(O36-1)<=0.2,"Steady: Little's Law holds",IF(O36>1,"Draining a line left from earlier","Line still building")),"Hardly any line"))) -> Hardly any line
A37: Today (no screens) | B37: Central CT | C37: 13:00 | D37: ='Sim Data'!$E$14 -> 22.705 | E37: ='Sim Data'!$G$14 -> 0.0333 | F37: =IF(E37>0,1/E37,60/Assumptions!$B$16) -> 30.03003 | G37: =Assumptions!$B$15 -> 1 | H37: =D37/(G37*F37) -> 0.7560765 | I37: =IF(D37=0,"no arrivals",IF(H37<0.85,"stable",IF(H37<1,"near capacity","over capacity"))) -> stable | J37: =IF(AND(D37>0,H37<1),H37/(F37-D37),"—") -> 0.10321821 | K37: =IF(ISNUMBER(J37),(1+0.3^2)/2*J37,"—") -> 0.056253925 | L37: ='Sim Data'!$F$14 -> 0.0897 | M37: ='Sim Data'!$H$14 -> 1.9655 | N37: =D37*L37 -> 2.0366385 | O37: =IF(MAX(M37,N37)<0.5,"both ≈ 0",IF(N37=0,"no new arrivals",M37/N37)) -> 0.96507063 | P37: =IF(D37=0,"",IF(H37>=1,"No steady state: the line grows by about "&TEXT((D37-G37*F37)*10,"0")&" in 10 min",IF(ISNUMBER(O37),IF(ABS(O37-1)<=0.2,"Steady: Little's Law holds",IF(O37>1,"Draining a line left from earlier","Line still building")),"Hardly any line"))) -> Steady: Little's Law holds
A38: Today (no screens) | B38: Central CT | C38: 13:10 | D38: ='Sim Data'!$E$15 -> 29.56 | E38: ='Sim Data'!$G$15 -> 0.0333 | F38: =IF(E38>0,1/E38,60/Assumptions!$B$16) -> 30.03003 | G38: =Assumptions!$B$15 -> 1 | H38: =D38/(G38*F38) -> 0.984348 | I38: =IF(D38=0,"no arrivals",IF(H38<0.85,"stable",IF(H38<1,"near capacity","over capacity"))) -> near capacity | J38: =IF(AND(D38>0,H38<1),H38/(F38-D38),"—") -> 2.0942236 | K38: =IF(ISNUMBER(J38),(1+0.3^2)/2*J38,"—") -> 1.1413519 | L38: ='Sim Data'!$F$15 -> 0.3055 | M38: ='Sim Data'!$H$15 -> 8.9063 | N38: =D38*L38 -> 9.03058 | O38: =IF(MAX(M38,N38)<0.5,"both ≈ 0",IF(N38=0,"no new arrivals",M38/N38)) -> 0.98623787 | P38: =IF(D38=0,"",IF(H38>=1,"No steady state: the line grows by about "&TEXT((D38-G38*F38)*10,"0")&" in 10 min",IF(ISNUMBER(O38),IF(ABS(O38-1)<=0.2,"Steady: Little's Law holds",IF(O38>1,"Draining a line left from earlier","Line still building")),"Hardly any line"))) -> Steady: Little's Law holds
A39: Today (no screens) | B39: Central CT | C39: 13:20 | D39: ='Sim Data'!$E$16 -> 28.33 | E39: ='Sim Data'!$G$16 -> 0.0332 | F39: =IF(E39>0,1/E39,60/Assumptions!$B$16) -> 30.120482 | G39: =Assumptions!$B$15 -> 1 | H39: =D39/(G39*F39) -> 0.940556 | I39: =IF(D39=0,"no arrivals",IF(H39<0.85,"stable",IF(H39<1,"near capacity","over capacity"))) -> near capacity | J39: =IF(AND(D39>0,H39<1),H39/(F39-D39),"—") -> 0.52530885 | K39: =IF(ISNUMBER(J39),(1+0.3^2)/2*J39,"—") -> 0.28629332 | L39: ='Sim Data'!$F$16 -> 0.3 | M39: ='Sim Data'!$H$16 -> 8.6 | N39: =D39*L39 -> 8.499 | O39: =IF(MAX(M39,N39)<0.5,"both ≈ 0",IF(N39=0,"no new arrivals",M39/N39)) -> 1.0118838 | P39: =IF(D39=0,"",IF(H39>=1,"No steady state: the line grows by about "&TEXT((D39-G39*F39)*10,"0")&" in 10 min",IF(ISNUMBER(O39),IF(ABS(O39-1)<=0.2,"Steady: Little's Law holds",IF(O39>1,"Draining a line left from earlier","Line still building")),"Hardly any line"))) -> Steady: Little's Law holds
A40: Today (no screens) | B40: Central CT | C40: 13:30 | D40: ='Sim Data'!$E$17 -> 21.35 | E40: ='Sim Data'!$G$17 -> 0.0334 | F40: =IF(E40>0,1/E40,60/Assumptions!$B$16) -> 29.94012 | G40: =Assumptions!$B$15 -> 1 | H40: =D40/(G40*F40) -> 0.71309 | I40: =IF(D40=0,"no arrivals",IF(H40<0.85,"stable",IF(H40<1,"near capacity","over capacity"))) -> stable | J40: =IF(AND(D40>0,H40<1),H40/(F40-D40),"—") -> 0.083012812 | K40: =IF(ISNUMBER(J40),(1+0.3^2)/2*J40,"—") -> 0.045241983 | L40: ='Sim Data'!$F$17 -> 0.059 | M40: ='Sim Data'!$H$17 -> 1.3529 | N40: =D40*L40 -> 1.25965 | O40: =IF(MAX(M40,N40)<0.5,"both ≈ 0",IF(N40=0,"no new arrivals",M40/N40)) -> 1.0740285 | P40: =IF(D40=0,"",IF(H40>=1,"No steady state: the line grows by about "&TEXT((D40-G40*F40)*10,"0")&" in 10 min",IF(ISNUMBER(O40),IF(ABS(O40-1)<=0.2,"Steady: Little's Law holds",IF(O40>1,"Draining a line left from earlier","Line still building")),"Hardly any line"))) -> Steady: Little's Law holds
A41: Today (no screens) | B41: Central CT | C41: 13:40 | D41: ='Sim Data'!$E$18 -> 14.575 | E41: ='Sim Data'!$G$18 -> 0.0333 | F41: =IF(E41>0,1/E41,60/Assumptions!$B$16) -> 30.03003 | G41: =Assumptions!$B$15 -> 1 | H41: =D41/(G41*F41) -> 0.4853475 | I41: =IF(D41=0,"no arrivals",IF(H41<0.85,"stable",IF(H41<1,"near capacity","over capacity"))) -> stable | J41: =IF(AND(D41>0,H41<1),H41/(F41-D41),"—") -> 0.031403854 | K41: =IF(ISNUMBER(J41),(1+0.3^2)/2*J41,"—") -> 0.0171151 | L41: ='Sim Data'!$F$18 -> 0.018 | M41: ='Sim Data'!$H$18 -> 0.263 | N41: =D41*L41 -> 0.26235 | O41: =IF(MAX(M41,N41)<0.5,"both ≈ 0",IF(N41=0,"no new arrivals",M41/N41)) -> both ≈ 0 | P41: =IF(D41=0,"",IF(H41>=1,"No steady state: the line grows by about "&TEXT((D41-G41*F41)*10,"0")&" in 10 min",IF(ISNUMBER(O41),IF(ABS(O41-1)<=0.2,"Steady: Little's Law holds",IF(O41>1,"Draining a line left from earlier","Line still building")),"Hardly any line"))) -> Hardly any line
A42: Today (no screens) | B42: Central CT | C42: 13:50 | D42: ='Sim Data'!$E$19 -> 7.17 | E42: ='Sim Data'!$G$19 -> 0.0333 | F42: =IF(E42>0,1/E42,60/Assumptions!$B$16) -> 30.03003 | G42: =Assumptions!$B$15 -> 1 | H42: =D42/(G42*F42) -> 0.238761 | I42: =IF(D42=0,"no arrivals",IF(H42<0.85,"stable",IF(H42<1,"near capacity","over capacity"))) -> stable | J42: =IF(AND(D42>0,H42<1),H42/(F42-D42),"—") -> 0.010444474 | K42: =IF(ISNUMBER(J42),(1+0.3^2)/2*J42,"—") -> 0.0056922386 | L42: ='Sim Data'!$F$19 -> 0.0062 | M42: ='Sim Data'!$H$19 -> 0.0447 | N42: =D42*L42 -> 0.044454 | O42: =IF(MAX(M42,N42)<0.5,"both ≈ 0",IF(N42=0,"no new arrivals",M42/N42)) -> both ≈ 0 | P42: =IF(D42=0,"",IF(H42>=1,"No steady state: the line grows by about "&TEXT((D42-G42*F42)*10,"0")&" in 10 min",IF(ISNUMBER(O42),IF(ABS(O42-1)<=0.2,"Steady: Little's Law holds",IF(O42>1,"Draining a line left from earlier","Line still building")),"Hardly any line"))) -> Hardly any line
A43: Today (no screens) | B43: Central CT | C43: 14:00 | D43: ='Sim Data'!$E$20 -> 0 | E43: ='Sim Data'!$G$20 -> 0 | F43: =IF(E43>0,1/E43,60/Assumptions!$B$16) -> 30 | G43: =Assumptions!$B$15 -> 1 | H43: =D43/(G43*F43) -> 0 | I43: =IF(D43=0,"no arrivals",IF(H43<0.85,"stable",IF(H43<1,"near capacity","over capacity"))) -> no arrivals | J43: =IF(AND(D43>0,H43<1),H43/(F43-D43),"—") -> — | K43: =IF(ISNUMBER(J43),(1+0.3^2)/2*J43,"—") -> — | L43: ='Sim Data'!$F$20 -> 0 | M43: ='Sim Data'!$H$20 -> 0 | N43: =D43*L43 -> 0 | O43: =IF(MAX(M43,N43)<0.5,"both ≈ 0",IF(N43=0,"no new arrivals",M43/N43)) -> both ≈ 0 | P43: =IF(D43=0,"",IF(H43>=1,"No steady state: the line grows by about "&TEXT((D43-G43*F43)*10,"0")&" in 10 min",IF(ISNUMBER(O43),IF(ABS(O43-1)<=0.2,"Steady: Little's Law holds",IF(O43>1,"Draining a line left from earlier","Line still building")),"Hardly any line")))
A44: Today (no screens) | B44: Central CT | C44: 14:10 | D44: ='Sim Data'!$E$21 -> 0 | E44: ='Sim Data'!$G$21 -> 0 | F44: =IF(E44>0,1/E44,60/Assumptions!$B$16) -> 30 | G44: =Assumptions!$B$15 -> 1 | H44: =D44/(G44*F44) -> 0 | I44: =IF(D44=0,"no arrivals",IF(H44<0.85,"stable",IF(H44<1,"near capacity","over capacity"))) -> no arrivals | J44: =IF(AND(D44>0,H44<1),H44/(F44-D44),"—") -> — | K44: =IF(ISNUMBER(J44),(1+0.3^2)/2*J44,"—") -> — | L44: ='Sim Data'!$F$21 -> 0 | M44: ='Sim Data'!$H$21 -> 0 | N44: =D44*L44 -> 0 | O44: =IF(MAX(M44,N44)<0.5,"both ≈ 0",IF(N44=0,"no new arrivals",M44/N44)) -> both ≈ 0 | P44: =IF(D44=0,"",IF(H44>=1,"No steady state: the line grows by about "&TEXT((D44-G44*F44)*10,"0")&" in 10 min",IF(ISNUMBER(O44),IF(ABS(O44-1)<=0.2,"Steady: Little's Law holds",IF(O44>1,"Draining a line left from earlier","Line still building")),"Hardly any line")))
A45: Today (no screens) | B45: Central CT | C45: 14:20 | D45: ='Sim Data'!$E$22 -> 0 | E45: ='Sim Data'!$G$22 -> 0 | F45: =IF(E45>0,1/E45,60/Assumptions!$B$16) -> 30 | G45: =Assumptions!$B$15 -> 1 | H45: =D45/(G45*F45) -> 0 | I45: =IF(D45=0,"no arrivals",IF(H45<0.85,"stable",IF(H45<1,"near capacity","over capacity"))) -> no arrivals | J45: =IF(AND(D45>0,H45<1),H45/(F45-D45),"—") -> — | K45: =IF(ISNUMBER(J45),(1+0.3^2)/2*J45,"—") -> — | L45: ='Sim Data'!$F$22 -> 0 | M45: ='Sim Data'!$H$22 -> 0 | N45: =D45*L45 -> 0 | O45: =IF(MAX(M45,N45)<0.5,"both ≈ 0",IF(N45=0,"no new arrivals",M45/N45)) -> both ≈ 0 | P45: =IF(D45=0,"",IF(H45>=1,"No steady state: the line grows by about "&TEXT((D45-G45*F45)*10,"0")&" in 10 min",IF(ISNUMBER(O45),IF(ABS(O45-1)<=0.2,"Steady: Little's Law holds",IF(O45>1,"Draining a line left from earlier","Line still building")),"Hardly any line")))
A46: Today (no screens) | B46: Munch Mess | C46: 11:30 | D46: ='Sim Data'!$E$95 -> 0 | E46: ='Sim Data'!$G$95 -> 0 | F46: =IF(E46>0,1/E46,60/Assumptions!$B$16) -> 30 | G46: =Assumptions!$B$15 -> 1 | H46: =D46/(G46*F46) -> 0 | I46: =IF(D46=0,"no arrivals",IF(H46<0.85,"stable",IF(H46<1,"near capacity","over capacity"))) -> no arrivals | J46: =IF(AND(D46>0,H46<1),H46/(F46-D46),"—") -> — | K46: =IF(ISNUMBER(J46),(1+0.3^2)/2*J46,"—") -> — | L46: ='Sim Data'!$F$95 -> 0 | M46: ='Sim Data'!$H$95 -> 0 | N46: =D46*L46 -> 0 | O46: =IF(MAX(M46,N46)<0.5,"both ≈ 0",IF(N46=0,"no new arrivals",M46/N46)) -> both ≈ 0 | P46: =IF(D46=0,"",IF(H46>=1,"No steady state: the line grows by about "&TEXT((D46-G46*F46)*10,"0")&" in 10 min",IF(ISNUMBER(O46),IF(ABS(O46-1)<=0.2,"Steady: Little's Law holds",IF(O46>1,"Draining a line left from earlier","Line still building")),"Hardly any line")))
A47: Today (no screens) | B47: Munch Mess | C47: 11:40 | D47: ='Sim Data'!$E$96 -> 0 | E47: ='Sim Data'!$G$96 -> 0 | F47: =IF(E47>0,1/E47,60/Assumptions!$B$16) -> 30 | G47: =Assumptions!$B$15 -> 1 | H47: =D47/(G47*F47) -> 0 | I47: =IF(D47=0,"no arrivals",IF(H47<0.85,"stable",IF(H47<1,"near capacity","over capacity"))) -> no arrivals | J47: =IF(AND(D47>0,H47<1),H47/(F47-D47),"—") -> — | K47: =IF(ISNUMBER(J47),(1+0.3^2)/2*J47,"—") -> — | L47: ='Sim Data'!$F$96 -> 0 | M47: ='Sim Data'!$H$96 -> 0 | N47: =D47*L47 -> 0 | O47: =IF(MAX(M47,N47)<0.5,"both ≈ 0",IF(N47=0,"no new arrivals",M47/N47)) -> both ≈ 0 | P47: =IF(D47=0,"",IF(H47>=1,"No steady state: the line grows by about "&TEXT((D47-G47*F47)*10,"0")&" in 10 min",IF(ISNUMBER(O47),IF(ABS(O47-1)<=0.2,"Steady: Little's Law holds",IF(O47>1,"Draining a line left from earlier","Line still building")),"Hardly any line")))
A48: Today (no screens) | B48: Munch Mess | C48: 11:50 | D48: ='Sim Data'!$E$97 -> 0 | E48: ='Sim Data'!$G$97 -> 0 | F48: =IF(E48>0,1/E48,60/Assumptions!$B$16) -> 30 | G48: =Assumptions!$B$15 -> 1 | H48: =D48/(G48*F48) -> 0 | I48: =IF(D48=0,"no arrivals",IF(H48<0.85,"stable",IF(H48<1,"near capacity","over capacity"))) -> no arrivals | J48: =IF(AND(D48>0,H48<1),H48/(F48-D48),"—") -> — | K48: =IF(ISNUMBER(J48),(1+0.3^2)/2*J48,"—") -> — | L48: ='Sim Data'!$F$97 -> 0 | M48: ='Sim Data'!$H$97 -> 0 | N48: =D48*L48 -> 0 | O48: =IF(MAX(M48,N48)<0.5,"both ≈ 0",IF(N48=0,"no new arrivals",M48/N48)) -> both ≈ 0 | P48: =IF(D48=0,"",IF(H48>=1,"No steady state: the line grows by about "&TEXT((D48-G48*F48)*10,"0")&" in 10 min",IF(ISNUMBER(O48),IF(ABS(O48-1)<=0.2,"Steady: Little's Law holds",IF(O48>1,"Draining a line left from earlier","Line still building")),"Hardly any line")))
A49: Today (no screens) | B49: Munch Mess | C49: 12:00 | D49: ='Sim Data'!$E$98 -> 3.88 | E49: ='Sim Data'!$G$98 -> 0.0333 | F49: =IF(E49>0,1/E49,60/Assumptions!$B$16) -> 30.03003 | G49: =Assumptions!$B$15 -> 1 | H49: =D49/(G49*F49) -> 0.129204 | I49: =IF(D49=0,"no arrivals",IF(H49<0.85,"stable",IF(H49<1,"near capacity","over capacity"))) -> stable | J49: =IF(AND(D49>0,H49<1),H49/(F49-D49),"—") -> 0.0049408739 | K49: =IF(ISNUMBER(J49),(1+0.3^2)/2*J49,"—") -> 0.0026927763 | L49: ='Sim Data'!$F$98 -> 0.003 | M49: ='Sim Data'!$H$98 -> 0.0117 | N49: =D49*L49 -> 0.01164 | O49: =IF(MAX(M49,N49)<0.5,"both ≈ 0",IF(N49=0,"no new arrivals",M49/N49)) -> both ≈ 0 | P49: =IF(D49=0,"",IF(H49>=1,"No steady state: the line grows by about "&TEXT((D49-G49*F49)*10,"0")&" in 10 min",IF(ISNUMBER(O49),IF(ABS(O49-1)<=0.2,"Steady: Little's Law holds",IF(O49>1,"Draining a line left from earlier","Line still building")),"Hardly any line"))) -> Hardly any line
A50: Today (no screens) | B50: Munch Mess | C50: 12:10 | D50: ='Sim Data'!$E$99 -> 4.64 | E50: ='Sim Data'!$G$99 -> 0.0334 | F50: =IF(E50>0,1/E50,60/Assumptions!$B$16) -> 29.94012 | G50: =Assumptions!$B$15 -> 1 | H50: =D50/(G50*F50) -> 0.154976 | I50: =IF(D50=0,"no arrivals",IF(H50<0.85,"stable",IF(H50<1,"near capacity","over capacity"))) -> stable | J50: =IF(AND(D50>0,H50<1),H50/(F50-D50),"—") -> 0.0061255046 | K50: =IF(ISNUMBER(J50),(1+0.3^2)/2*J50,"—") -> 0.0033384 | L50: ='Sim Data'!$F$99 -> 0.003 | M50: ='Sim Data'!$H$99 -> 0.0138 | N50: =D50*L50 -> 0.01392 | O50: =IF(MAX(M50,N50)<0.5,"both ≈ 0",IF(N50=0,"no new arrivals",M50/N50)) -> both ≈ 0 | P50: =IF(D50=0,"",IF(H50>=1,"No steady state: the line grows by about "&TEXT((D50-G50*F50)*10,"0")&" in 10 min",IF(ISNUMBER(O50),IF(ABS(O50-1)<=0.2,"Steady: Little's Law holds",IF(O50>1,"Draining a line left from earlier","Line still building")),"Hardly any line"))) -> Hardly any line
A51: Today (no screens) | B51: Munch Mess | C51: 12:20 | D51: ='Sim Data'!$E$100 -> 4.78 | E51: ='Sim Data'!$G$100 -> 0.0338 | F51: =IF(E51>0,1/E51,60/Assumptions!$B$16) -> 29.585799 | G51: =Assumptions!$B$15 -> 1 | H51: =D51/(G51*F51) -> 0.161564 | I51: =IF(D51=0,"no arrivals",IF(H51<0.85,"stable",IF(H51<1,"near capacity","over capacity"))) -> stable | J51: =IF(AND(D51>0,H51<1),H51/(F51-D51),"—") -> 0.0065131545 | K51: =IF(ISNUMBER(J51),(1+0.3^2)/2*J51,"—") -> 0.0035496692 | L51: ='Sim Data'!$F$100 -> 0.0039 | M51: ='Sim Data'!$H$100 -> 0.0188 | N51: =D51*L51 -> 0.018642 | O51: =IF(MAX(M51,N51)<0.5,"both ≈ 0",IF(N51=0,"no new arrivals",M51/N51)) -> both ≈ 0 | P51: =IF(D51=0,"",IF(H51>=1,"No steady state: the line grows by about "&TEXT((D51-G51*F51)*10,"0")&" in 10 min",IF(ISNUMBER(O51),IF(ABS(O51-1)<=0.2,"Steady: Little's Law holds",IF(O51>1,"Draining a line left from earlier","Line still building")),"Hardly any line"))) -> Hardly any line
A52: Today (no screens) | B52: Munch Mess | C52: 12:30 | D52: ='Sim Data'!$E$101 -> 5.73 | E52: ='Sim Data'!$G$101 -> 0.0338 | F52: =IF(E52>0,1/E52,60/Assumptions!$B$16) -> 29.585799 | G52: =Assumptions!$B$15 -> 1 | H52: =D52/(G52*F52) -> 0.193674 | I52: =IF(D52=0,"no arrivals",IF(H52<0.85,"stable",IF(H52<1,"near capacity","over capacity"))) -> stable | J52: =IF(AND(D52>0,H52<1),H52/(F52-D52),"—") -> 0.0081185292 | K52: =IF(ISNUMBER(J52),(1+0.3^2)/2*J52,"—") -> 0.0044245984 | L52: ='Sim Data'!$F$101 -> 0.0044 | M52: ='Sim Data'!$H$101 -> 0.0254 | N52: =D52*L52 -> 0.025212 | O52: =IF(MAX(M52,N52)<0.5,"both ≈ 0",IF(N52=0,"no new arrivals",M52/N52)) -> both ≈ 0 | P52: =IF(D52=0,"",IF(H52>=1,"No steady state: the line grows by about "&TEXT((D52-G52*F52)*10,"0")&" in 10 min",IF(ISNUMBER(O52),IF(ABS(O52-1)<=0.2,"Steady: Little's Law holds",IF(O52>1,"Draining a line left from earlier","Line still building")),"Hardly any line"))) -> Hardly any line
A53: Today (no screens) | B53: Munch Mess | C53: 12:40 | D53: ='Sim Data'!$E$102 -> 5.36 | E53: ='Sim Data'!$G$102 -> 0.0336 | F53: =IF(E53>0,1/E53,60/Assumptions!$B$16) -> 29.761905 | G53: =Assumptions!$B$15 -> 1 | H53: =D53/(G53*F53) -> 0.180096 | I53: =IF(D53=0,"no arrivals",IF(H53<0.85,"stable",IF(H53<1,"near capacity","over capacity"))) -> stable | J53: =IF(AND(D53>0,H53<1),H53/(F53-D53),"—") -> 0.0073804075 | K53: =IF(ISNUMBER(J53),(1+0.3^2)/2*J53,"—") -> 0.0040223221 | L53: ='Sim Data'!$F$102 -> 0.0039 | M53: ='Sim Data'!$H$102 -> 0.0209 | N53: =D53*L53 -> 0.020904 | O53: =IF(MAX(M53,N53)<0.5,"both ≈ 0",IF(N53=0,"no new arrivals",M53/N53)) -> both ≈ 0 | P53: =IF(D53=0,"",IF(H53>=1,"No steady state: the line grows by about "&TEXT((D53-G53*F53)*10,"0")&" in 10 min",IF(ISNUMBER(O53),IF(ABS(O53-1)<=0.2,"Steady: Little's Law holds",IF(O53>1,"Draining a line left from earlier","Line still building")),"Hardly any line"))) -> Hardly any line
A54: Today (no screens) | B54: Munch Mess | C54: 12:50 | D54: ='Sim Data'!$E$103 -> 4.375 | E54: ='Sim Data'!$G$103 -> 0.0336 | F54: =IF(E54>0,1/E54,60/Assumptions!$B$16) -> 29.761905 | G54: =Assumptions!$B$15 -> 1 | H54: =D54/(G54*F54) -> 0.147 | I54: =IF(D54=0,"no arrivals",IF(H54<0.85,"stable",IF(H54<1,"near capacity","over capacity"))) -> stable | J54: =IF(AND(D54>0,H54<1),H54/(F54-D54),"—") -> 0.0057903869 | K54: =IF(ISNUMBER(J54),(1+0.3^2)/2*J54,"—") -> 0.0031557608 | L54: ='Sim Data'!$F$103 -> 0.0032 | M54: ='Sim Data'!$H$103 -> 0.0141 | N54: =D54*L54 -> 0.014 | O54: =IF(MAX(M54,N54)<0.5,"both ≈ 0",IF(N54=0,"no new arrivals",M54/N54)) -> both ≈ 0 | P54: =IF(D54=0,"",IF(H54>=1,"No steady state: the line grows by about "&TEXT((D54-G54*F54)*10,"0")&" in 10 min",IF(ISNUMBER(O54),IF(ABS(O54-1)<=0.2,"Steady: Little's Law holds",IF(O54>1,"Draining a line left from earlier","Line still building")),"Hardly any line"))) -> Hardly any line
A55: Today (no screens) | B55: Munch Mess | C55: 13:00 | D55: ='Sim Data'!$E$104 -> 5.67 | E55: ='Sim Data'!$G$104 -> 0.0331 | F55: =IF(E55>0,1/E55,60/Assumptions!$B$16) -> 30.21148 | G55: =Assumptions!$B$15 -> 1 | H55: =D55/(G55*F55) -> 0.187677 | I55: =IF(D55=0,"no arrivals",IF(H55<0.85,"stable",IF(H55<1,"near capacity","over capacity"))) -> stable | J55: =IF(AND(D55>0,H55<1),H55/(F55-D55),"—") -> 0.0076473382 | K55: =IF(ISNUMBER(J55),(1+0.3^2)/2*J55,"—") -> 0.0041677993 | L55: ='Sim Data'!$F$104 -> 0.004 | M55: ='Sim Data'!$H$104 -> 0.0228 | N55: =D55*L55 -> 0.02268 | O55: =IF(MAX(M55,N55)<0.5,"both ≈ 0",IF(N55=0,"no new arrivals",M55/N55)) -> both ≈ 0 | P55: =IF(D55=0,"",IF(H55>=1,"No steady state: the line grows by about "&TEXT((D55-G55*F55)*10,"0")&" in 10 min",IF(ISNUMBER(O55),IF(ABS(O55-1)<=0.2,"Steady: Little's Law holds",IF(O55>1,"Draining a line left from earlier","Line still building")),"Hardly any line"))) -> Hardly any line
A56: Today (no screens) | B56: Munch Mess | C56: 13:10 | D56: ='Sim Data'!$E$105 -> 7.435 | E56: ='Sim Data'!$G$105 -> 0.0335 | F56: =IF(E56>0,1/E56,60/Assumptions!$B$16) -> 29.850746 | G56: =Assumptions!$B$15 -> 1 | H56: =D56/(G56*F56) -> 0.2490725 | I56: =IF(D56=0,"no arrivals",IF(H56<0.85,"stable",IF(H56<1,"near capacity","over capacity"))) -> stable | J56: =IF(AND(D56>0,H56<1),H56/(F56-D56),"—") -> 0.011111497 | K56: =IF(ISNUMBER(J56),(1+0.3^2)/2*J56,"—") -> 0.0060557659 | L56: ='Sim Data'!$F$105 -> 0.0063 | M56: ='Sim Data'!$H$105 -> 0.0469 | N56: =D56*L56 -> 0.0468405 | O56: =IF(MAX(M56,N56)<0.5,"both ≈ 0",IF(N56=0,"no new arrivals",M56/N56)) -> both ≈ 0 | P56: =IF(D56=0,"",IF(H56>=1,"No steady state: the line grows by about "&TEXT((D56-G56*F56)*10,"0")&" in 10 min",IF(ISNUMBER(O56),IF(ABS(O56-1)<=0.2,"Steady: Little's Law holds",IF(O56>1,"Draining a line left from earlier","Line still building")),"Hardly any line"))) -> Hardly any line
A57: Today (no screens) | B57: Munch Mess | C57: 13:20 | D57: ='Sim Data'!$E$106 -> 7.35 | E57: ='Sim Data'!$G$106 -> 0.0334 | F57: =IF(E57>0,1/E57,60/Assumptions!$B$16) -> 29.94012 | G57: =Assumptions!$B$15 -> 1 | H57: =D57/(G57*F57) -> 0.24549 | I57: =IF(D57=0,"no arrivals",IF(H57<0.85,"stable",IF(H57<1,"near capacity","over capacity"))) -> stable | J57: =IF(AND(D57>0,H57<1),H57/(F57-D57),"—") -> 0.01086714 | K57: =IF(ISNUMBER(J57),(1+0.3^2)/2*J57,"—") -> 0.0059225914 | L57: ='Sim Data'!$F$106 -> 0.0067 | M57: ='Sim Data'!$H$106 -> 0.0492 | N57: =D57*L57 -> 0.049245 | O57: =IF(MAX(M57,N57)<0.5,"both ≈ 0",IF(N57=0,"no new arrivals",M57/N57)) -> both ≈ 0 | P57: =IF(D57=0,"",IF(H57>=1,"No steady state: the line grows by about "&TEXT((D57-G57*F57)*10,"0")&" in 10 min",IF(ISNUMBER(O57),IF(ABS(O57-1)<=0.2,"Steady: Little's Law holds",IF(O57>1,"Draining a line left from earlier","Line still building")),"Hardly any line"))) -> Hardly any line
A58: Today (no screens) | B58: Munch Mess | C58: 13:30 | D58: ='Sim Data'!$E$107 -> 5.32 | E58: ='Sim Data'!$G$107 -> 0.0325 | F58: =IF(E58>0,1/E58,60/Assumptions!$B$16) -> 30.769231 | G58: =Assumptions!$B$15 -> 1 | H58: =D58/(G58*F58) -> 0.1729 | I58: =IF(D58=0,"no arrivals",IF(H58<0.85,"stable",IF(H58<1,"near capacity","over capacity"))) -> stable | J58: =IF(AND(D58>0,H58<1),H58/(F58-D58),"—") -> 0.0067939185 | K58: =IF(ISNUMBER(J58),(1+0.3^2)/2*J58,"—") -> 0.0037026856 | L58: ='Sim Data'!$F$107 -> 0.0034 | M58: ='Sim Data'!$H$107 -> 0.0182 | N58: =D58*L58 -> 0.018088 | O58: =IF(MAX(M58,N58)<0.5,"both ≈ 0",IF(N58=0,"no new arrivals",M58/N58)) -> both ≈ 0 | P58: =IF(D58=0,"",IF(H58>=1,"No steady state: the line grows by about "&TEXT((D58-G58*F58)*10,"0")&" in 10 min",IF(ISNUMBER(O58),IF(ABS(O58-1)<=0.2,"Steady: Little's Law holds",IF(O58>1,"Draining a line left from earlier","Line still building")),"Hardly any line"))) -> Hardly any line
A59: Today (no screens) | B59: Munch Mess | C59: 13:40 | D59: ='Sim Data'!$E$108 -> 3.5 | E59: ='Sim Data'!$G$108 -> 0.0335 | F59: =IF(E59>0,1/E59,60/Assumptions!$B$16) -> 29.850746 | G59: =Assumptions!$B$15 -> 1 | H59: =D59/(G59*F59) -> 0.11725 | I59: =IF(D59=0,"no arrivals",IF(H59<0.85,"stable",IF(H59<1,"near capacity","over capacity"))) -> stable | J59: =IF(AND(D59>0,H59<1),H59/(F59-D59),"—") -> 0.0044495894 | K59: =IF(ISNUMBER(J59),(1+0.3^2)/2*J59,"—") -> 0.0024250262 | L59: ='Sim Data'!$F$108 -> 0.002 | M59: ='Sim Data'!$H$108 -> 0.0069 | N59: =D59*L59 -> 0.007 | O59: =IF(MAX(M59,N59)<0.5,"both ≈ 0",IF(N59=0,"no new arrivals",M59/N59)) -> both ≈ 0 | P59: =IF(D59=0,"",IF(H59>=1,"No steady state: the line grows by about "&TEXT((D59-G59*F59)*10,"0")&" in 10 min",IF(ISNUMBER(O59),IF(ABS(O59-1)<=0.2,"Steady: Little's Law holds",IF(O59>1,"Draining a line left from earlier","Line still building")),"Hardly any line"))) -> Hardly any line
A60: Today (no screens) | B60: Munch Mess | C60: 13:50 | D60: ='Sim Data'!$E$109 -> 1.825 | E60: ='Sim Data'!$G$109 -> 0.0327 | F60: =IF(E60>0,1/E60,60/Assumptions!$B$16) -> 30.58104 | G60: =Assumptions!$B$15 -> 1 | H60: =D60/(G60*F60) -> 0.0596775 | I60: =IF(D60=0,"no arrivals",IF(H60<0.85,"stable",IF(H60<1,"near capacity","over capacity"))) -> stable | J60: =IF(AND(D60>0,H60<1),H60/(F60-D60),"—") -> 0.0020753032 | K60: =IF(ISNUMBER(J60),(1+0.3^2)/2*J60,"—") -> 0.0011310402 | L60: ='Sim Data'!$F$109 -> 0.001 | M60: ='Sim Data'!$H$109 -> 0.0019 | N60: =D60*L60 -> 0.001825 | O60: =IF(MAX(M60,N60)<0.5,"both ≈ 0",IF(N60=0,"no new arrivals",M60/N60)) -> both ≈ 0 | P60: =IF(D60=0,"",IF(H60>=1,"No steady state: the line grows by about "&TEXT((D60-G60*F60)*10,"0")&" in 10 min",IF(ISNUMBER(O60),IF(ABS(O60-1)<=0.2,"Steady: Little's Law holds",IF(O60>1,"Draining a line left from earlier","Line still building")),"Hardly any line"))) -> Hardly any line
A61: Today (no screens) | B61: Munch Mess | C61: 14:00 | D61: ='Sim Data'!$E$110 -> 0 | E61: ='Sim Data'!$G$110 -> 0 | F61: =IF(E61>0,1/E61,60/Assumptions!$B$16) -> 30 | G61: =Assumptions!$B$15 -> 1 | H61: =D61/(G61*F61) -> 0 | I61: =IF(D61=0,"no arrivals",IF(H61<0.85,"stable",IF(H61<1,"near capacity","over capacity"))) -> no arrivals | J61: =IF(AND(D61>0,H61<1),H61/(F61-D61),"—") -> — | K61: =IF(ISNUMBER(J61),(1+0.3^2)/2*J61,"—") -> — | L61: ='Sim Data'!$F$110 -> 0 | M61: ='Sim Data'!$H$110 -> 0 | N61: =D61*L61 -> 0 | O61: =IF(MAX(M61,N61)<0.5,"both ≈ 0",IF(N61=0,"no new arrivals",M61/N61)) -> both ≈ 0 | P61: =IF(D61=0,"",IF(H61>=1,"No steady state: the line grows by about "&TEXT((D61-G61*F61)*10,"0")&" in 10 min",IF(ISNUMBER(O61),IF(ABS(O61-1)<=0.2,"Steady: Little's Law holds",IF(O61>1,"Draining a line left from earlier","Line still building")),"Hardly any line")))
A62: Today (no screens) | B62: Munch Mess | C62: 14:10 | D62: ='Sim Data'!$E$111 -> 0 | E62: ='Sim Data'!$G$111 -> 0 | F62: =IF(E62>0,1/E62,60/Assumptions!$B$16) -> 30 | G62: =Assumptions!$B$15 -> 1 | H62: =D62/(G62*F62) -> 0 | I62: =IF(D62=0,"no arrivals",IF(H62<0.85,"stable",IF(H62<1,"near capacity","over capacity"))) -> no arrivals | J62: =IF(AND(D62>0,H62<1),H62/(F62-D62),"—") -> — | K62: =IF(ISNUMBER(J62),(1+0.3^2)/2*J62,"—") -> — | L62: ='Sim Data'!$F$111 -> 0 | M62: ='Sim Data'!$H$111 -> 0 | N62: =D62*L62 -> 0 | O62: =IF(MAX(M62,N62)<0.5,"both ≈ 0",IF(N62=0,"no new arrivals",M62/N62)) -> both ≈ 0 | P62: =IF(D62=0,"",IF(H62>=1,"No steady state: the line grows by about "&TEXT((D62-G62*F62)*10,"0")&" in 10 min",IF(ISNUMBER(O62),IF(ABS(O62-1)<=0.2,"Steady: Little's Law holds",IF(O62>1,"Draining a line left from earlier","Line still building")),"Hardly any line")))
A63: Today (no screens) | B63: Munch Mess | C63: 14:20 | D63: ='Sim Data'!$E$112 -> 0 | E63: ='Sim Data'!$G$112 -> 0 | F63: =IF(E63>0,1/E63,60/Assumptions!$B$16) -> 30 | G63: =Assumptions!$B$15 -> 1 | H63: =D63/(G63*F63) -> 0 | I63: =IF(D63=0,"no arrivals",IF(H63<0.85,"stable",IF(H63<1,"near capacity","over capacity"))) -> no arrivals | J63: =IF(AND(D63>0,H63<1),H63/(F63-D63),"—") -> — | K63: =IF(ISNUMBER(J63),(1+0.3^2)/2*J63,"—") -> — | L63: ='Sim Data'!$F$112 -> 0 | M63: ='Sim Data'!$H$112 -> 0 | N63: =D63*L63 -> 0 | O63: =IF(MAX(M63,N63)<0.5,"both ≈ 0",IF(N63=0,"no new arrivals",M63/N63)) -> both ≈ 0 | P63: =IF(D63=0,"",IF(H63>=1,"No steady state: the line grows by about "&TEXT((D63-G63*F63)*10,"0")&" in 10 min",IF(ISNUMBER(O63),IF(ABS(O63-1)<=0.2,"Steady: Little's Law holds",IF(O63>1,"Draining a line left from earlier","Line still building")),"Hardly any line")))
A64: With Smart Scan screens | B64: Central CT | C64: 11:30 | D64: ='Sim Data'!$E$185 -> 0 | E64: ='Sim Data'!$G$185 -> 0 | F64: =IF(E64>0,1/E64,60/Assumptions!$B$16) -> 30 | G64: =Assumptions!$B$15 -> 1 | H64: =D64/(G64*F64) -> 0 | I64: =IF(D64=0,"no arrivals",IF(H64<0.85,"stable",IF(H64<1,"near capacity","over capacity"))) -> no arrivals | J64: =IF(AND(D64>0,H64<1),H64/(F64-D64),"—") -> — | K64: =IF(ISNUMBER(J64),(1+0.3^2)/2*J64,"—") -> — | L64: ='Sim Data'!$F$185 -> 0 | M64: ='Sim Data'!$H$185 -> 0 | N64: =D64*L64 -> 0 | O64: =IF(MAX(M64,N64)<0.5,"both ≈ 0",IF(N64=0,"no new arrivals",M64/N64)) -> both ≈ 0 | P64: =IF(D64=0,"",IF(H64>=1,"No steady state: the line grows by about "&TEXT((D64-G64*F64)*10,"0")&" in 10 min",IF(ISNUMBER(O64),IF(ABS(O64-1)<=0.2,"Steady: Little's Law holds",IF(O64>1,"Draining a line left from earlier","Line still building")),"Hardly any line")))
A65: With Smart Scan screens | B65: Central CT | C65: 11:40 | D65: ='Sim Data'!$E$186 -> 0 | E65: ='Sim Data'!$G$186 -> 0 | F65: =IF(E65>0,1/E65,60/Assumptions!$B$16) -> 30 | G65: =Assumptions!$B$15 -> 1 | H65: =D65/(G65*F65) -> 0 | I65: =IF(D65=0,"no arrivals",IF(H65<0.85,"stable",IF(H65<1,"near capacity","over capacity"))) -> no arrivals | J65: =IF(AND(D65>0,H65<1),H65/(F65-D65),"—") -> — | K65: =IF(ISNUMBER(J65),(1+0.3^2)/2*J65,"—") -> — | L65: ='Sim Data'!$F$186 -> 0 | M65: ='Sim Data'!$H$186 -> 0 | N65: =D65*L65 -> 0 | O65: =IF(MAX(M65,N65)<0.5,"both ≈ 0",IF(N65=0,"no new arrivals",M65/N65)) -> both ≈ 0 | P65: =IF(D65=0,"",IF(H65>=1,"No steady state: the line grows by about "&TEXT((D65-G65*F65)*10,"0")&" in 10 min",IF(ISNUMBER(O65),IF(ABS(O65-1)<=0.2,"Steady: Little's Law holds",IF(O65>1,"Draining a line left from earlier","Line still building")),"Hardly any line")))
A66: With Smart Scan screens | B66: Central CT | C66: 11:50 | D66: ='Sim Data'!$E$187 -> 0 | E66: ='Sim Data'!$G$187 -> 0 | F66: =IF(E66>0,1/E66,60/Assumptions!$B$16) -> 30 | G66: =Assumptions!$B$15 -> 1 | H66: =D66/(G66*F66) -> 0 | I66: =IF(D66=0,"no arrivals",IF(H66<0.85,"stable",IF(H66<1,"near capacity","over capacity"))) -> no arrivals | J66: =IF(AND(D66>0,H66<1),H66/(F66-D66),"—") -> — | K66: =IF(ISNUMBER(J66),(1+0.3^2)/2*J66,"—") -> — | L66: ='Sim Data'!$F$187 -> 0 | M66: ='Sim Data'!$H$187 -> 0 | N66: =D66*L66 -> 0 | O66: =IF(MAX(M66,N66)<0.5,"both ≈ 0",IF(N66=0,"no new arrivals",M66/N66)) -> both ≈ 0 | P66: =IF(D66=0,"",IF(H66>=1,"No steady state: the line grows by about "&TEXT((D66-G66*F66)*10,"0")&" in 10 min",IF(ISNUMBER(O66),IF(ABS(O66-1)<=0.2,"Steady: Little's Law holds",IF(O66>1,"Draining a line left from earlier","Line still building")),"Hardly any line")))
A67: With Smart Scan screens | B67: Central CT | C67: 12:00 | D67: ='Sim Data'!$E$188 -> 14.52 | E67: ='Sim Data'!$G$188 -> 0.0335 | F67: =IF(E67>0,1/E67,60/Assumptions!$B$16) -> 29.850746 | G67: =Assumptions!$B$15 -> 1 | H67: =D67/(G67*F67) -> 0.48642 | I67: =IF(D67=0,"no arrivals",IF(H67<0.85,"stable",IF(H67<1,"near capacity","over capacity"))) -> stable | J67: =IF(AND(D67>0,H67<1),H67/(F67-D67),"—") -> 0.031728397 | K67: =IF(ISNUMBER(J67),(1+0.3^2)/2*J67,"—") -> 0.017291976 | L67: ='Sim Data'!$F$188 -> 0.0195 | M67: ='Sim Data'!$H$188 -> 0.2811 | N67: =D67*L67 -> 0.28314 | O67: =IF(MAX(M67,N67)<0.5,"both ≈ 0",IF(N67=0,"no new arrivals",M67/N67)) -> both ≈ 0 | P67: =IF(D67=0,"",IF(H67>=1,"No steady state: the line grows by about "&TEXT((D67-G67*F67)*10,"0")&" in 10 min",IF(ISNUMBER(O67),IF(ABS(O67-1)<=0.2,"Steady: Little's Law holds",IF(O67>1,"Draining a line left from earlier","Line still building")),"Hardly any line"))) -> Hardly any line
A68: With Smart Scan screens | B68: Central CT | C68: 12:10 | D68: ='Sim Data'!$E$189 -> 18.77 | E68: ='Sim Data'!$G$189 -> 0.0333 | F68: =IF(E68>0,1/E68,60/Assumptions!$B$16) -> 30.03003 | G68: =Assumptions!$B$15 -> 1 | H68: =D68/(G68*F68) -> 0.625041 | I68: =IF(D68=0,"no arrivals",IF(H68<0.85,"stable",IF(H68<1,"near capacity","over capacity"))) -> stable | J68: =IF(AND(D68>0,H68<1),H68/(F68-D68),"—") -> 0.05550971 | K68: =IF(ISNUMBER(J68),(1+0.3^2)/2*J68,"—") -> 0.030252792 | L68: ='Sim Data'!$F$189 -> 0.0272 | M68: ='Sim Data'!$H$189 -> 0.5063 | N68: =D68*L68 -> 0.510544 | O68: =IF(MAX(M68,N68)<0.5,"both ≈ 0",IF(N68=0,"no new arrivals",M68/N68)) -> 0.9916873 | P68: =IF(D68=0,"",IF(H68>=1,"No steady state: the line grows by about "&TEXT((D68-G68*F68)*10,"0")&" in 10 min",IF(ISNUMBER(O68),IF(ABS(O68-1)<=0.2,"Steady: Little's Law holds",IF(O68>1,"Draining a line left from earlier","Line still building")),"Hardly any line"))) -> Steady: Little's Law holds
A69: With Smart Scan screens | B69: Central CT | C69: 12:20 | D69: ='Sim Data'!$E$190 -> 18.595 | E69: ='Sim Data'!$G$190 -> 0.0334 | F69: =IF(E69>0,1/E69,60/Assumptions!$B$16) -> 29.94012 | G69: =Assumptions!$B$15 -> 1 | H69: =D69/(G69*F69) -> 0.621073 | I69: =IF(D69=0,"no arrivals",IF(H69<0.85,"stable",IF(H69<1,"near capacity","over capacity"))) -> stable | J69: =IF(AND(D69>0,H69<1),H69/(F69-D69),"—") -> 0.054743627 | K69: =IF(ISNUMBER(J69),(1+0.3^2)/2*J69,"—") -> 0.029835277 | L69: ='Sim Data'!$F$190 -> 0.0368 | M69: ='Sim Data'!$H$190 -> 0.689 | N69: =D69*L69 -> 0.684296 | O69: =IF(MAX(M69,N69)<0.5,"both ≈ 0",IF(N69=0,"no new arrivals",M69/N69)) -> 1.0068742 | P69: =IF(D69=0,"",IF(H69>=1,"No steady state: the line grows by about "&TEXT((D69-G69*F69)*10,"0")&" in 10 min",IF(ISNUMBER(O69),IF(ABS(O69-1)<=0.2,"Steady: Little's Law holds",IF(O69>1,"Draining a line left from earlier","Line still building")),"Hardly any line"))) -> Steady: Little's Law holds
A70: With Smart Scan screens | B70: Central CT | C70: 12:30 | D70: ='Sim Data'!$E$191 -> 21.645 | E70: ='Sim Data'!$G$191 -> 0.0335 | F70: =IF(E70>0,1/E70,60/Assumptions!$B$16) -> 29.850746 | G70: =Assumptions!$B$15 -> 1 | H70: =D70/(G70*F70) -> 0.7251075 | I70: =IF(D70=0,"no arrivals",IF(H70<0.85,"stable",IF(H70<1,"near capacity","over capacity"))) -> stable | J70: =IF(AND(D70>0,H70<1),H70/(F70-D70),"—") -> 0.08836582 | K70: =IF(ISNUMBER(J70),(1+0.3^2)/2*J70,"—") -> 0.048159372 | L70: ='Sim Data'!$F$191 -> 0.0558 | M70: ='Sim Data'!$H$191 -> 1.2025 | N70: =D70*L70 -> 1.207791 | O70: =IF(MAX(M70,N70)<0.5,"both ≈ 0",IF(N70=0,"no new arrivals",M70/N70)) -> 0.99561928 | P70: =IF(D70=0,"",IF(H70>=1,"No steady state: the line grows by about "&TEXT((D70-G70*F70)*10,"0")&" in 10 min",IF(ISNUMBER(O70),IF(ABS(O70-1)<=0.2,"Steady: Little's Law holds",IF(O70>1,"Draining a line left from earlier","Line still building")),"Hardly any line"))) -> Steady: Little's Law holds
A71: With Smart Scan screens | B71: Central CT | C71: 12:40 | D71: ='Sim Data'!$E$192 -> 18.74 | E71: ='Sim Data'!$G$192 -> 0.0333 | F71: =IF(E71>0,1/E71,60/Assumptions!$B$16) -> 30.03003 | G71: =Assumptions!$B$15 -> 1 | H71: =D71/(G71*F71) -> 0.624042 | I71: =IF(D71=0,"no arrivals",IF(H71<0.85,"stable",IF(H71<1,"near capacity","over capacity"))) -> stable | J71: =IF(AND(D71>0,H71<1),H71/(F71-D71),"—") -> 0.055273724 | K71: =IF(ISNUMBER(J71),(1+0.3^2)/2*J71,"—") -> 0.030124179 | L71: ='Sim Data'!$F$192 -> 0.0348 | M71: ='Sim Data'!$H$192 -> 0.6563 | N71: =D71*L71 -> 0.652152 | O71: =IF(MAX(M71,N71)<0.5,"both ≈ 0",IF(N71=0,"no new arrivals",M71/N71)) -> 1.0063605 | P71: =IF(D71=0,"",IF(H71>=1,"No steady state: the line grows by about "&TEXT((D71-G71*F71)*10,"0")&" in 10 min",IF(ISNUMBER(O71),IF(ABS(O71-1)<=0.2,"Steady: Little's Law holds",IF(O71>1,"Draining a line left from earlier","Line still building")),"Hardly any line"))) -> Steady: Little's Law holds
A72: With Smart Scan screens | B72: Central CT | C72: 12:50 | D72: ='Sim Data'!$E$193 -> 15.905 | E72: ='Sim Data'!$G$193 -> 0.0333 | F72: =IF(E72>0,1/E72,60/Assumptions!$B$16) -> 30.03003 | G72: =Assumptions!$B$15 -> 1 | H72: =D72/(G72*F72) -> 0.5296365 | I72: =IF(D72=0,"no arrivals",IF(H72<0.85,"stable",IF(H72<1,"near capacity","over capacity"))) -> stable | J72: =IF(AND(D72>0,H72<1),H72/(F72-D72),"—") -> 0.03749631 | K72: =IF(ISNUMBER(J72),(1+0.3^2)/2*J72,"—") -> 0.020435489 | L72: ='Sim Data'!$F$193 -> 0.0212 | M72: ='Sim Data'!$H$193 -> 0.3399 | N72: =D72*L72 -> 0.337186 | O72: =IF(MAX(M72,N72)<0.5,"both ≈ 0",IF(N72=0,"no new arrivals",M72/N72)) -> both ≈ 0 | P72: =IF(D72=0,"",IF(H72>=1,"No steady state: the line grows by about "&TEXT((D72-G72*F72)*10,"0")&" in 10 min",IF(ISNUMBER(O72),IF(ABS(O72-1)<=0.2,"Steady: Little's Law holds",IF(O72>1,"Draining a line left from earlier","Line still building")),"Hardly any line"))) -> Hardly any line
A73: With Smart Scan screens | B73: Central CT | C73: 13:00 | D73: ='Sim Data'!$E$194 -> 21.265 | E73: ='Sim Data'!$G$194 -> 0.0332 | F73: =IF(E73>0,1/E73,60/Assumptions!$B$16) -> 30.120482 | G73: =Assumptions!$B$15 -> 1 | H73: =D73/(G73*F73) -> 0.705998 | I73: =IF(D73=0,"no arrivals",IF(H73<0.85,"stable",IF(H73<1,"near capacity","over capacity"))) -> stable | J73: =IF(AND(D73>0,H73<1),H73/(F73-D73),"—") -> 0.079724402 | K73: =IF(ISNUMBER(J73),(1+0.3^2)/2*J73,"—") -> 0.043449799 | L73: ='Sim Data'!$F$194 -> 0.0638 | M73: ='Sim Data'!$H$194 -> 1.3422 | N73: =D73*L73 -> 1.356707 | O73: =IF(MAX(M73,N73)<0.5,"both ≈ 0",IF(N73=0,"no new arrivals",M73/N73)) -> 0.9893072 | P73: =IF(D73=0,"",IF(H73>=1,"No steady state: the line grows by about "&TEXT((D73-G73*F73)*10,"0")&" in 10 min",IF(ISNUMBER(O73),IF(ABS(O73-1)<=0.2,"Steady: Little's Law holds",IF(O73>1,"Draining a line left from earlier","Line still building")),"Hardly any line"))) -> Steady: Little's Law holds
A74: With Smart Scan screens | B74: Central CT | C74: 13:10 | D74: ='Sim Data'!$E$195 -> 21.375 | E74: ='Sim Data'!$G$195 -> 0.0334 | F74: =IF(E74>0,1/E74,60/Assumptions!$B$16) -> 29.94012 | G74: =Assumptions!$B$15 -> 1 | H74: =D74/(G74*F74) -> 0.713925 | I74: =IF(D74=0,"no arrivals",IF(H74<0.85,"stable",IF(H74<1,"near capacity","over capacity"))) -> stable | J74: =IF(AND(D74>0,H74<1),H74/(F74-D74),"—") -> 0.0833526 | K74: =IF(ISNUMBER(J74),(1+0.3^2)/2*J74,"—") -> 0.045427167 | L74: ='Sim Data'!$F$195 -> 0.0696 | M74: ='Sim Data'!$H$195 -> 1.4947 | N74: =D74*L74 -> 1.4877 | O74: =IF(MAX(M74,N74)<0.5,"both ≈ 0",IF(N74=0,"no new arrivals",M74/N74)) -> 1.0047052 | P74: =IF(D74=0,"",IF(H74>=1,"No steady state: the line grows by about "&TEXT((D74-G74*F74)*10,"0")&" in 10 min",IF(ISNUMBER(O74),IF(ABS(O74-1)<=0.2,"Steady: Little's Law holds",IF(O74>1,"Draining a line left from earlier","Line still building")),"Hardly any line"))) -> Steady: Little's Law holds
A75: With Smart Scan screens | B75: Central CT | C75: 13:20 | D75: ='Sim Data'!$E$196 -> 19.635 | E75: ='Sim Data'!$G$196 -> 0.0333 | F75: =IF(E75>0,1/E75,60/Assumptions!$B$16) -> 30.03003 | G75: =Assumptions!$B$15 -> 1 | H75: =D75/(G75*F75) -> 0.6538455 | I75: =IF(D75=0,"no arrivals",IF(H75<0.85,"stable",IF(H75<1,"near capacity","over capacity"))) -> stable | J75: =IF(AND(D75>0,H75<1),H75/(F75-D75),"—") -> 0.062899818 | K75: =IF(ISNUMBER(J75),(1+0.3^2)/2*J75,"—") -> 0.034280401 | L75: ='Sim Data'!$F$196 -> 0.0562 | M75: ='Sim Data'!$H$196 -> 1.1085 | N75: =D75*L75 -> 1.103487 | O75: =IF(MAX(M75,N75)<0.5,"both ≈ 0",IF(N75=0,"no new arrivals",M75/N75)) -> 1.0045429 | P75: =IF(D75=0,"",IF(H75>=1,"No steady state: the line grows by about "&TEXT((D75-G75*F75)*10,"0")&" in 10 min",IF(ISNUMBER(O75),IF(ABS(O75-1)<=0.2,"Steady: Little's Law holds",IF(O75>1,"Draining a line left from earlier","Line still building")),"Hardly any line"))) -> Steady: Little's Law holds
A76: With Smart Scan screens | B76: Central CT | C76: 13:30 | D76: ='Sim Data'!$E$197 -> 17.935 | E76: ='Sim Data'!$G$197 -> 0.0335 | F76: =IF(E76>0,1/E76,60/Assumptions!$B$16) -> 29.850746 | G76: =Assumptions!$B$15 -> 1 | H76: =D76/(G76*F76) -> 0.6008225 | I76: =IF(D76=0,"no arrivals",IF(H76<0.85,"stable",IF(H76<1,"near capacity","over capacity"))) -> stable | J76: =IF(AND(D76>0,H76<1),H76/(F76-D76),"—") -> 0.050422566 | K76: =IF(ISNUMBER(J76),(1+0.3^2)/2*J76,"—") -> 0.027480298 | L76: ='Sim Data'!$F$197 -> 0.0342 | M76: ='Sim Data'!$H$197 -> 0.6151 | N76: =D76*L76 -> 0.613377 | O76: =IF(MAX(M76,N76)<0.5,"both ≈ 0",IF(N76=0,"no new arrivals",M76/N76)) -> 1.002809 | P76: =IF(D76=0,"",IF(H76>=1,"No steady state: the line grows by about "&TEXT((D76-G76*F76)*10,"0")&" in 10 min",IF(ISNUMBER(O76),IF(ABS(O76-1)<=0.2,"Steady: Little's Law holds",IF(O76>1,"Draining a line left from earlier","Line still building")),"Hardly any line"))) -> Steady: Little's Law holds
A77: With Smart Scan screens | B77: Central CT | C77: 13:40 | D77: ='Sim Data'!$E$198 -> 14.28 | E77: ='Sim Data'!$G$198 -> 0.0335 | F77: =IF(E77>0,1/E77,60/Assumptions!$B$16) -> 29.850746 | G77: =Assumptions!$B$15 -> 1 | H77: =D77/(G77*F77) -> 0.47838 | I77: =IF(D77=0,"no arrivals",IF(H77<0.85,"stable",IF(H77<1,"near capacity","over capacity"))) -> stable | J77: =IF(AND(D77>0,H77<1),H77/(F77-D77),"—") -> 0.030722998 | K77: =IF(ISNUMBER(J77),(1+0.3^2)/2*J77,"—") -> 0.016744034 | L77: ='Sim Data'!$F$198 -> 0.0179 | M77: ='Sim Data'!$H$198 -> 0.2556 | N77: =D77*L77 -> 0.255612 | O77: =IF(MAX(M77,N77)<0.5,"both ≈ 0",IF(N77=0,"no new arrivals",M77/N77)) -> both ≈ 0 | P77: =IF(D77=0,"",IF(H77>=1,"No steady state: the line grows by about "&TEXT((D77-G77*F77)*10,"0")&" in 10 min",IF(ISNUMBER(O77),IF(ABS(O77-1)<=0.2,"Steady: Little's Law holds",IF(O77>1,"Draining a line left from earlier","Line still building")),"Hardly any line"))) -> Hardly any line
A78: With Smart Scan screens | B78: Central CT | C78: 13:50 | D78: ='Sim Data'!$E$199 -> 7.17 | E78: ='Sim Data'!$G$199 -> 0.0336 | F78: =IF(E78>0,1/E78,60/Assumptions!$B$16) -> 29.761905 | G78: =Assumptions!$B$15 -> 1 | H78: =D78/(G78*F78) -> 0.240912 | I78: =IF(D78=0,"no arrivals",IF(H78<0.85,"stable",IF(H78<1,"near capacity","over capacity"))) -> stable | J78: =IF(AND(D78>0,H78<1),H78/(F78-D78),"—") -> 0.010663643 | K78: =IF(ISNUMBER(J78),(1+0.3^2)/2*J78,"—") -> 0.0058116853 | L78: ='Sim Data'!$F$199 -> 0.0059 | M78: ='Sim Data'!$H$199 -> 0.0423 | N78: =D78*L78 -> 0.042303 | O78: =IF(MAX(M78,N78)<0.5,"both ≈ 0",IF(N78=0,"no new arrivals",M78/N78)) -> both ≈ 0 | P78: =IF(D78=0,"",IF(H78>=1,"No steady state: the line grows by about "&TEXT((D78-G78*F78)*10,"0")&" in 10 min",IF(ISNUMBER(O78),IF(ABS(O78-1)<=0.2,"Steady: Little's Law holds",IF(O78>1,"Draining a line left from earlier","Line still building")),"Hardly any line"))) -> Hardly any line
A79: With Smart Scan screens | B79: Central CT | C79: 14:00 | D79: ='Sim Data'!$E$200 -> 0 | E79: ='Sim Data'!$G$200 -> 0 | F79: =IF(E79>0,1/E79,60/Assumptions!$B$16) -> 30 | G79: =Assumptions!$B$15 -> 1 | H79: =D79/(G79*F79) -> 0 | I79: =IF(D79=0,"no arrivals",IF(H79<0.85,"stable",IF(H79<1,"near capacity","over capacity"))) -> no arrivals | J79: =IF(AND(D79>0,H79<1),H79/(F79-D79),"—") -> — | K79: =IF(ISNUMBER(J79),(1+0.3^2)/2*J79,"—") -> — | L79: ='Sim Data'!$F$200 -> 0 | M79: ='Sim Data'!$H$200 -> 0 | N79: =D79*L79 -> 0 | O79: =IF(MAX(M79,N79)<0.5,"both ≈ 0",IF(N79=0,"no new arrivals",M79/N79)) -> both ≈ 0 | P79: =IF(D79=0,"",IF(H79>=1,"No steady state: the line grows by about "&TEXT((D79-G79*F79)*10,"0")&" in 10 min",IF(ISNUMBER(O79),IF(ABS(O79-1)<=0.2,"Steady: Little's Law holds",IF(O79>1,"Draining a line left from earlier","Line still building")),"Hardly any line")))
A80: With Smart Scan screens | B80: Central CT | C80: 14:10 | D80: ='Sim Data'!$E$201 -> 0 | E80: ='Sim Data'!$G$201 -> 0 | F80: =IF(E80>0,1/E80,60/Assumptions!$B$16) -> 30 | G80: =Assumptions!$B$15 -> 1 | H80: =D80/(G80*F80) -> 0 | I80: =IF(D80=0,"no arrivals",IF(H80<0.85,"stable",IF(H80<1,"near capacity","over capacity"))) -> no arrivals | J80: =IF(AND(D80>0,H80<1),H80/(F80-D80),"—") -> — | K80: =IF(ISNUMBER(J80),(1+0.3^2)/2*J80,"—") -> — | L80: ='Sim Data'!$F$201 -> 0 | M80: ='Sim Data'!$H$201 -> 0 | N80: =D80*L80 -> 0 | O80: =IF(MAX(M80,N80)<0.5,"both ≈ 0",IF(N80=0,"no new arrivals",M80/N80)) -> both ≈ 0 | P80: =IF(D80=0,"",IF(H80>=1,"No steady state: the line grows by about "&TEXT((D80-G80*F80)*10,"0")&" in 10 min",IF(ISNUMBER(O80),IF(ABS(O80-1)<=0.2,"Steady: Little's Law holds",IF(O80>1,"Draining a line left from earlier","Line still building")),"Hardly any line")))
A81: With Smart Scan screens | B81: Central CT | C81: 14:20 | D81: ='Sim Data'!$E$202 -> 0 | E81: ='Sim Data'!$G$202 -> 0 | F81: =IF(E81>0,1/E81,60/Assumptions!$B$16) -> 30 | G81: =Assumptions!$B$15 -> 1 | H81: =D81/(G81*F81) -> 0 | I81: =IF(D81=0,"no arrivals",IF(H81<0.85,"stable",IF(H81<1,"near capacity","over capacity"))) -> no arrivals | J81: =IF(AND(D81>0,H81<1),H81/(F81-D81),"—") -> — | K81: =IF(ISNUMBER(J81),(1+0.3^2)/2*J81,"—") -> — | L81: ='Sim Data'!$F$202 -> 0 | M81: ='Sim Data'!$H$202 -> 0 | N81: =D81*L81 -> 0 | O81: =IF(MAX(M81,N81)<0.5,"both ≈ 0",IF(N81=0,"no new arrivals",M81/N81)) -> both ≈ 0 | P81: =IF(D81=0,"",IF(H81>=1,"No steady state: the line grows by about "&TEXT((D81-G81*F81)*10,"0")&" in 10 min",IF(ISNUMBER(O81),IF(ABS(O81-1)<=0.2,"Steady: Little's Law holds",IF(O81>1,"Draining a line left from earlier","Line still building")),"Hardly any line")))
A82: With Smart Scan screens | B82: Munch Mess | C82: 11:30 | D82: ='Sim Data'!$E$275 -> 0 | E82: ='Sim Data'!$G$275 -> 0 | F82: =IF(E82>0,1/E82,60/Assumptions!$B$16) -> 30 | G82: =Assumptions!$B$15 -> 1 | H82: =D82/(G82*F82) -> 0 | I82: =IF(D82=0,"no arrivals",IF(H82<0.85,"stable",IF(H82<1,"near capacity","over capacity"))) -> no arrivals | J82: =IF(AND(D82>0,H82<1),H82/(F82-D82),"—") -> — | K82: =IF(ISNUMBER(J82),(1+0.3^2)/2*J82,"—") -> — | L82: ='Sim Data'!$F$275 -> 0 | M82: ='Sim Data'!$H$275 -> 0 | N82: =D82*L82 -> 0 | O82: =IF(MAX(M82,N82)<0.5,"both ≈ 0",IF(N82=0,"no new arrivals",M82/N82)) -> both ≈ 0 | P82: =IF(D82=0,"",IF(H82>=1,"No steady state: the line grows by about "&TEXT((D82-G82*F82)*10,"0")&" in 10 min",IF(ISNUMBER(O82),IF(ABS(O82-1)<=0.2,"Steady: Little's Law holds",IF(O82>1,"Draining a line left from earlier","Line still building")),"Hardly any line")))
A83: With Smart Scan screens | B83: Munch Mess | C83: 11:40 | D83: ='Sim Data'!$E$276 -> 0 | E83: ='Sim Data'!$G$276 -> 0 | F83: =IF(E83>0,1/E83,60/Assumptions!$B$16) -> 30 | G83: =Assumptions!$B$15 -> 1 | H83: =D83/(G83*F83) -> 0 | I83: =IF(D83=0,"no arrivals",IF(H83<0.85,"stable",IF(H83<1,"near capacity","over capacity"))) -> no arrivals | J83: =IF(AND(D83>0,H83<1),H83/(F83-D83),"—") -> — | K83: =IF(ISNUMBER(J83),(1+0.3^2)/2*J83,"—") -> — | L83: ='Sim Data'!$F$276 -> 0 | M83: ='Sim Data'!$H$276 -> 0 | N83: =D83*L83 -> 0 | O83: =IF(MAX(M83,N83)<0.5,"both ≈ 0",IF(N83=0,"no new arrivals",M83/N83)) -> both ≈ 0 | P83: =IF(D83=0,"",IF(H83>=1,"No steady state: the line grows by about "&TEXT((D83-G83*F83)*10,"0")&" in 10 min",IF(ISNUMBER(O83),IF(ABS(O83-1)<=0.2,"Steady: Little's Law holds",IF(O83>1,"Draining a line left from earlier","Line still building")),"Hardly any line")))
A84: With Smart Scan screens | B84: Munch Mess | C84: 11:50 | D84: ='Sim Data'!$E$277 -> 0 | E84: ='Sim Data'!$G$277 -> 0 | F84: =IF(E84>0,1/E84,60/Assumptions!$B$16) -> 30 | G84: =Assumptions!$B$15 -> 1 | H84: =D84/(G84*F84) -> 0 | I84: =IF(D84=0,"no arrivals",IF(H84<0.85,"stable",IF(H84<1,"near capacity","over capacity"))) -> no arrivals | J84: =IF(AND(D84>0,H84<1),H84/(F84-D84),"—") -> — | K84: =IF(ISNUMBER(J84),(1+0.3^2)/2*J84,"—") -> — | L84: ='Sim Data'!$F$277 -> 0 | M84: ='Sim Data'!$H$277 -> 0 | N84: =D84*L84 -> 0 | O84: =IF(MAX(M84,N84)<0.5,"both ≈ 0",IF(N84=0,"no new arrivals",M84/N84)) -> both ≈ 0 | P84: =IF(D84=0,"",IF(H84>=1,"No steady state: the line grows by about "&TEXT((D84-G84*F84)*10,"0")&" in 10 min",IF(ISNUMBER(O84),IF(ABS(O84-1)<=0.2,"Steady: Little's Law holds",IF(O84>1,"Draining a line left from earlier","Line still building")),"Hardly any line")))
A85: With Smart Scan screens | B85: Munch Mess | C85: 12:00 | D85: ='Sim Data'!$E$278 -> 3.88 | E85: ='Sim Data'!$G$278 -> 0.0333 | F85: =IF(E85>0,1/E85,60/Assumptions!$B$16) -> 30.03003 | G85: =Assumptions!$B$15 -> 1 | H85: =D85/(G85*F85) -> 0.129204 | I85: =IF(D85=0,"no arrivals",IF(H85<0.85,"stable",IF(H85<1,"near capacity","over capacity"))) -> stable | J85: =IF(AND(D85>0,H85<1),H85/(F85-D85),"—") -> 0.0049408739 | K85: =IF(ISNUMBER(J85),(1+0.3^2)/2*J85,"—") -> 0.0026927763 | L85: ='Sim Data'!$F$278 -> 0.003 | M85: ='Sim Data'!$H$278 -> 0.0117 | N85: =D85*L85 -> 0.01164 | O85: =IF(MAX(M85,N85)<0.5,"both ≈ 0",IF(N85=0,"no new arrivals",M85/N85)) -> both ≈ 0 | P85: =IF(D85=0,"",IF(H85>=1,"No steady state: the line grows by about "&TEXT((D85-G85*F85)*10,"0")&" in 10 min",IF(ISNUMBER(O85),IF(ABS(O85-1)<=0.2,"Steady: Little's Law holds",IF(O85>1,"Draining a line left from earlier","Line still building")),"Hardly any line"))) -> Hardly any line
A86: With Smart Scan screens | B86: Munch Mess | C86: 12:10 | D86: ='Sim Data'!$E$279 -> 4.64 | E86: ='Sim Data'!$G$279 -> 0.0334 | F86: =IF(E86>0,1/E86,60/Assumptions!$B$16) -> 29.94012 | G86: =Assumptions!$B$15 -> 1 | H86: =D86/(G86*F86) -> 0.154976 | I86: =IF(D86=0,"no arrivals",IF(H86<0.85,"stable",IF(H86<1,"near capacity","over capacity"))) -> stable | J86: =IF(AND(D86>0,H86<1),H86/(F86-D86),"—") -> 0.0061255046 | K86: =IF(ISNUMBER(J86),(1+0.3^2)/2*J86,"—") -> 0.0033384 | L86: ='Sim Data'!$F$279 -> 0.003 | M86: ='Sim Data'!$H$279 -> 0.0138 | N86: =D86*L86 -> 0.01392 | O86: =IF(MAX(M86,N86)<0.5,"both ≈ 0",IF(N86=0,"no new arrivals",M86/N86)) -> both ≈ 0 | P86: =IF(D86=0,"",IF(H86>=1,"No steady state: the line grows by about "&TEXT((D86-G86*F86)*10,"0")&" in 10 min",IF(ISNUMBER(O86),IF(ABS(O86-1)<=0.2,"Steady: Little's Law holds",IF(O86>1,"Draining a line left from earlier","Line still building")),"Hardly any line"))) -> Hardly any line
A87: With Smart Scan screens | B87: Munch Mess | C87: 12:20 | D87: ='Sim Data'!$E$280 -> 4.995 | E87: ='Sim Data'!$G$280 -> 0.0338 | F87: =IF(E87>0,1/E87,60/Assumptions!$B$16) -> 29.585799 | G87: =Assumptions!$B$15 -> 1 | H87: =D87/(G87*F87) -> 0.168831 | I87: =IF(D87=0,"no arrivals",IF(H87<0.85,"stable",IF(H87<1,"near capacity","over capacity"))) -> stable | J87: =IF(AND(D87>0,H87<1),H87/(F87-D87),"—") -> 0.0068656167 | K87: =IF(ISNUMBER(J87),(1+0.3^2)/2*J87,"—") -> 0.0037417611 | L87: ='Sim Data'!$F$280 -> 0.0044 | M87: ='Sim Data'!$H$280 -> 0.0221 | N87: =D87*L87 -> 0.021978 | O87: =IF(MAX(M87,N87)<0.5,"both ≈ 0",IF(N87=0,"no new arrivals",M87/N87)) -> both ≈ 0 | P87: =IF(D87=0,"",IF(H87>=1,"No steady state: the line grows by about "&TEXT((D87-G87*F87)*10,"0")&" in 10 min",IF(ISNUMBER(O87),IF(ABS(O87-1)<=0.2,"Steady: Little's Law holds",IF(O87>1,"Draining a line left from earlier","Line still building")),"Hardly any line"))) -> Hardly any line
A88: With Smart Scan screens | B88: Munch Mess | C88: 12:30 | D88: ='Sim Data'!$E$281 -> 6.985 | E88: ='Sim Data'!$G$281 -> 0.0335 | F88: =IF(E88>0,1/E88,60/Assumptions!$B$16) -> 29.850746 | G88: =Assumptions!$B$15 -> 1 | H88: =D88/(G88*F88) -> 0.2339975 | I88: =IF(D88=0,"no arrivals",IF(H88<0.85,"stable",IF(H88<1,"near capacity","over capacity"))) -> stable | J88: =IF(AND(D88>0,H88<1),H88/(F88-D88),"—") -> 0.010233539 | K88: =IF(ISNUMBER(J88),(1+0.3^2)/2*J88,"—") -> 0.0055772786 | L88: ='Sim Data'!$F$281 -> 0.008 | M88: ='Sim Data'!$H$281 -> 0.0555 | N88: =D88*L88 -> 0.05588 | O88: =IF(MAX(M88,N88)<0.5,"both ≈ 0",IF(N88=0,"no new arrivals",M88/N88)) -> both ≈ 0 | P88: =IF(D88=0,"",IF(H88>=1,"No steady state: the line grows by about "&TEXT((D88-G88*F88)*10,"0")&" in 10 min",IF(ISNUMBER(O88),IF(ABS(O88-1)<=0.2,"Steady: Little's Law holds",IF(O88>1,"Draining a line left from earlier","Line still building")),"Hardly any line"))) -> Hardly any line
A89: With Smart Scan screens | B89: Munch Mess | C89: 12:40 | D89: ='Sim Data'!$E$282 -> 6.885 | E89: ='Sim Data'!$G$282 -> 0.0336 | F89: =IF(E89>0,1/E89,60/Assumptions!$B$16) -> 29.761905 | G89: =Assumptions!$B$15 -> 1 | H89: =D89/(G89*F89) -> 0.231336 | I89: =IF(D89=0,"no arrivals",IF(H89<0.85,"stable",IF(H89<1,"near capacity","over capacity"))) -> stable | J89: =IF(AND(D89>0,H89<1),H89/(F89-D89),"—") -> 0.010112207 | K89: =IF(ISNUMBER(J89),(1+0.3^2)/2*J89,"—") -> 0.0055111529 | L89: ='Sim Data'!$F$282 -> 0.0086 | M89: ='Sim Data'!$H$282 -> 0.0589 | N89: =D89*L89 -> 0.059211 | O89: =IF(MAX(M89,N89)<0.5,"both ≈ 0",IF(N89=0,"no new arrivals",M89/N89)) -> both ≈ 0 | P89: =IF(D89=0,"",IF(H89>=1,"No steady state: the line grows by about "&TEXT((D89-G89*F89)*10,"0")&" in 10 min",IF(ISNUMBER(O89),IF(ABS(O89-1)<=0.2,"Steady: Little's Law holds",IF(O89>1,"Draining a line left from earlier","Line still building")),"Hardly any line"))) -> Hardly any line
A90: With Smart Scan screens | B90: Munch Mess | C90: 12:50 | D90: ='Sim Data'!$E$283 -> 5.445 | E90: ='Sim Data'!$G$283 -> 0.0332 | F90: =IF(E90>0,1/E90,60/Assumptions!$B$16) -> 30.120482 | G90: =Assumptions!$B$15 -> 1 | H90: =D90/(G90*F90) -> 0.180774 | I90: =IF(D90=0,"no arrivals",IF(H90<0.85,"stable",IF(H90<1,"near capacity","over capacity"))) -> stable | J90: =IF(AND(D90>0,H90<1),H90/(F90-D90),"—") -> 0.0073260575 | K90: =IF(ISNUMBER(J90),(1+0.3^2)/2*J90,"—") -> 0.0039927013 | L90: ='Sim Data'!$F$283 -> 0.0075 | M90: ='Sim Data'!$H$283 -> 0.0411 | N90: =D90*L90 -> 0.0408375 | O90: =IF(MAX(M90,N90)<0.5,"both ≈ 0",IF(N90=0,"no new arrivals",M90/N90)) -> both ≈ 0 | P90: =IF(D90=0,"",IF(H90>=1,"No steady state: the line grows by about "&TEXT((D90-G90*F90)*10,"0")&" in 10 min",IF(ISNUMBER(O90),IF(ABS(O90-1)<=0.2,"Steady: Little's Law holds",IF(O90>1,"Draining a line left from earlier","Line still building")),"Hardly any line"))) -> Hardly any line
A91: With Smart Scan screens | B91: Munch Mess | C91: 13:00 | D91: ='Sim Data'!$E$284 -> 6.82 | E91: ='Sim Data'!$G$284 -> 0.0332 | F91: =IF(E91>0,1/E91,60/Assumptions!$B$16) -> 30.120482 | G91: =Assumptions!$B$15 -> 1 | H91: =D91/(G91*F91) -> 0.226424 | I91: =IF(D91=0,"no arrivals",IF(H91<0.85,"stable",IF(H91<1,"near capacity","over capacity"))) -> stable | J91: =IF(AND(D91>0,H91<1),H91/(F91-D91),"—") -> 0.0097175672 | K91: =IF(ISNUMBER(J91),(1+0.3^2)/2*J91,"—") -> 0.0052960741 | L91: ='Sim Data'!$F$284 -> 0.0105 | M91: ='Sim Data'!$H$284 -> 0.0701 | N91: =D91*L91 -> 0.07161 | O91: =IF(MAX(M91,N91)<0.5,"both ≈ 0",IF(N91=0,"no new arrivals",M91/N91)) -> both ≈ 0 | P91: =IF(D91=0,"",IF(H91>=1,"No steady state: the line grows by about "&TEXT((D91-G91*F91)*10,"0")&" in 10 min",IF(ISNUMBER(O91),IF(ABS(O91-1)<=0.2,"Steady: Little's Law holds",IF(O91>1,"Draining a line left from earlier","Line still building")),"Hardly any line"))) -> Hardly any line
A92: With Smart Scan screens | B92: Munch Mess | C92: 13:10 | D92: ='Sim Data'!$E$285 -> 15.575 | E92: ='Sim Data'!$G$285 -> 0.033 | F92: =IF(E92>0,1/E92,60/Assumptions!$B$16) -> 30.30303 | G92: =Assumptions!$B$15 -> 1 | H92: =D92/(G92*F92) -> 0.513975 | I92: =IF(D92=0,"no arrivals",IF(H92<0.85,"stable",IF(H92<1,"near capacity","over capacity"))) -> stable | J92: =IF(AND(D92>0,H92<1),H92/(F92-D92),"—") -> 0.034897742 | K92: =IF(ISNUMBER(J92),(1+0.3^2)/2*J92,"—") -> 0.019019269 | L92: ='Sim Data'!$F$285 -> 0.0262 | M92: ='Sim Data'!$H$285 -> 0.4087 | N92: =D92*L92 -> 0.408065 | O92: =IF(MAX(M92,N92)<0.5,"both ≈ 0",IF(N92=0,"no new arrivals",M92/N92)) -> both ≈ 0 | P92: =IF(D92=0,"",IF(H92>=1,"No steady state: the line grows by about "&TEXT((D92-G92*F92)*10,"0")&" in 10 min",IF(ISNUMBER(O92),IF(ABS(O92-1)<=0.2,"Steady: Little's Law holds",IF(O92>1,"Draining a line left from earlier","Line still building")),"Hardly any line"))) -> Hardly any line
A93: With Smart Scan screens | B93: Munch Mess | C93: 13:20 | D93: ='Sim Data'!$E$286 -> 16.015 | E93: ='Sim Data'!$G$286 -> 0.0334 | F93: =IF(E93>0,1/E93,60/Assumptions!$B$16) -> 29.94012 | G93: =Assumptions!$B$15 -> 1 | H93: =D93/(G93*F93) -> 0.534901 | I93: =IF(D93=0,"no arrivals",IF(H93<0.85,"stable",IF(H93<1,"near capacity","over capacity"))) -> stable | J93: =IF(AND(D93>0,H93<1),H93/(F93-D93),"—") -> 0.038412668 | K93: =IF(ISNUMBER(J93),(1+0.3^2)/2*J93,"—") -> 0.020934904 | L93: ='Sim Data'!$F$286 -> 0.0349 | M93: ='Sim Data'!$H$286 -> 0.5589 | N93: =D93*L93 -> 0.5589235 | O93: =IF(MAX(M93,N93)<0.5,"both ≈ 0",IF(N93=0,"no new arrivals",M93/N93)) -> 0.99995795 | P93: =IF(D93=0,"",IF(H93>=1,"No steady state: the line grows by about "&TEXT((D93-G93*F93)*10,"0")&" in 10 min",IF(ISNUMBER(O93),IF(ABS(O93-1)<=0.2,"Steady: Little's Law holds",IF(O93>1,"Draining a line left from earlier","Line still building")),"Hardly any line"))) -> Steady: Little's Law holds
A94: With Smart Scan screens | B94: Munch Mess | C94: 13:30 | D94: ='Sim Data'!$E$287 -> 9.065 | E94: ='Sim Data'!$G$287 -> 0.0335 | F94: =IF(E94>0,1/E94,60/Assumptions!$B$16) -> 29.850746 | G94: =Assumptions!$B$15 -> 1 | H94: =D94/(G94*F94) -> 0.3036775 | I94: =IF(D94=0,"no arrivals",IF(H94<0.85,"stable",IF(H94<1,"near capacity","over capacity"))) -> stable | J94: =IF(AND(D94>0,H94<1),H94/(F94-D94),"—") -> 0.014609892 | K94: =IF(ISNUMBER(J94),(1+0.3^2)/2*J94,"—") -> 0.0079623909 | L94: ='Sim Data'!$F$287 -> 0.0148 | M94: ='Sim Data'!$H$287 -> 0.1323 | N94: =D94*L94 -> 0.134162 | O94: =IF(MAX(M94,N94)<0.5,"both ≈ 0",IF(N94=0,"no new arrivals",M94/N94)) -> both ≈ 0 | P94: =IF(D94=0,"",IF(H94>=1,"No steady state: the line grows by about "&TEXT((D94-G94*F94)*10,"0")&" in 10 min",IF(ISNUMBER(O94),IF(ABS(O94-1)<=0.2,"Steady: Little's Law holds",IF(O94>1,"Draining a line left from earlier","Line still building")),"Hardly any line"))) -> Hardly any line
A95: With Smart Scan screens | B95: Munch Mess | C95: 13:40 | D95: ='Sim Data'!$E$288 -> 3.83 | E95: ='Sim Data'!$G$288 -> 0.0334 | F95: =IF(E95>0,1/E95,60/Assumptions!$B$16) -> 29.94012 | G95: =Assumptions!$B$15 -> 1 | H95: =D95/(G95*F95) -> 0.127922 | I95: =IF(D95=0,"no arrivals",IF(H95<0.85,"stable",IF(H95<1,"near capacity","over capacity"))) -> stable | J95: =IF(AND(D95>0,H95<1),H95/(F95-D95),"—") -> 0.0048993264 | K95: =IF(ISNUMBER(J95),(1+0.3^2)/2*J95,"—") -> 0.0026701329 | L95: ='Sim Data'!$F$288 -> 0.0041 | M95: ='Sim Data'!$H$288 -> 0.0185 | N95: =D95*L95 -> 0.015703 | O95: =IF(MAX(M95,N95)<0.5,"both ≈ 0",IF(N95=0,"no new arrivals",M95/N95)) -> both ≈ 0 | P95: =IF(D95=0,"",IF(H95>=1,"No steady state: the line grows by about "&TEXT((D95-G95*F95)*10,"0")&" in 10 min",IF(ISNUMBER(O95),IF(ABS(O95-1)<=0.2,"Steady: Little's Law holds",IF(O95>1,"Draining a line left from earlier","Line still building")),"Hardly any line"))) -> Hardly any line
A96: With Smart Scan screens | B96: Munch Mess | C96: 13:50 | D96: ='Sim Data'!$E$289 -> 1.825 | E96: ='Sim Data'!$G$289 -> 0.0325 | F96: =IF(E96>0,1/E96,60/Assumptions!$B$16) -> 30.769231 | G96: =Assumptions!$B$15 -> 1 | H96: =D96/(G96*F96) -> 0.0593125 | I96: =IF(D96=0,"no arrivals",IF(H96<0.85,"stable",IF(H96<1,"near capacity","over capacity"))) -> stable | J96: =IF(AND(D96>0,H96<1),H96/(F96-D96),"—") -> 0.0020491994 | K96: =IF(ISNUMBER(J96),(1+0.3^2)/2*J96,"—") -> 0.0011168137 | L96: ='Sim Data'!$F$289 -> 0.001 | M96: ='Sim Data'!$H$289 -> 0.0018 | N96: =D96*L96 -> 0.001825 | O96: =IF(MAX(M96,N96)<0.5,"both ≈ 0",IF(N96=0,"no new arrivals",M96/N96)) -> both ≈ 0 | P96: =IF(D96=0,"",IF(H96>=1,"No steady state: the line grows by about "&TEXT((D96-G96*F96)*10,"0")&" in 10 min",IF(ISNUMBER(O96),IF(ABS(O96-1)<=0.2,"Steady: Little's Law holds",IF(O96>1,"Draining a line left from earlier","Line still building")),"Hardly any line"))) -> Hardly any line
A97: With Smart Scan screens | B97: Munch Mess | C97: 14:00 | D97: ='Sim Data'!$E$290 -> 0 | E97: ='Sim Data'!$G$290 -> 0 | F97: =IF(E97>0,1/E97,60/Assumptions!$B$16) -> 30 | G97: =Assumptions!$B$15 -> 1 | H97: =D97/(G97*F97) -> 0 | I97: =IF(D97=0,"no arrivals",IF(H97<0.85,"stable",IF(H97<1,"near capacity","over capacity"))) -> no arrivals | J97: =IF(AND(D97>0,H97<1),H97/(F97-D97),"—") -> — | K97: =IF(ISNUMBER(J97),(1+0.3^2)/2*J97,"—") -> — | L97: ='Sim Data'!$F$290 -> 0 | M97: ='Sim Data'!$H$290 -> 0 | N97: =D97*L97 -> 0 | O97: =IF(MAX(M97,N97)<0.5,"both ≈ 0",IF(N97=0,"no new arrivals",M97/N97)) -> both ≈ 0 | P97: =IF(D97=0,"",IF(H97>=1,"No steady state: the line grows by about "&TEXT((D97-G97*F97)*10,"0")&" in 10 min",IF(ISNUMBER(O97),IF(ABS(O97-1)<=0.2,"Steady: Little's Law holds",IF(O97>1,"Draining a line left from earlier","Line still building")),"Hardly any line")))
A98: With Smart Scan screens | B98: Munch Mess | C98: 14:10 | D98: ='Sim Data'!$E$291 -> 0 | E98: ='Sim Data'!$G$291 -> 0 | F98: =IF(E98>0,1/E98,60/Assumptions!$B$16) -> 30 | G98: =Assumptions!$B$15 -> 1 | H98: =D98/(G98*F98) -> 0 | I98: =IF(D98=0,"no arrivals",IF(H98<0.85,"stable",IF(H98<1,"near capacity","over capacity"))) -> no arrivals | J98: =IF(AND(D98>0,H98<1),H98/(F98-D98),"—") -> — | K98: =IF(ISNUMBER(J98),(1+0.3^2)/2*J98,"—") -> — | L98: ='Sim Data'!$F$291 -> 0 | M98: ='Sim Data'!$H$291 -> 0 | N98: =D98*L98 -> 0 | O98: =IF(MAX(M98,N98)<0.5,"both ≈ 0",IF(N98=0,"no new arrivals",M98/N98)) -> both ≈ 0 | P98: =IF(D98=0,"",IF(H98>=1,"No steady state: the line grows by about "&TEXT((D98-G98*F98)*10,"0")&" in 10 min",IF(ISNUMBER(O98),IF(ABS(O98-1)<=0.2,"Steady: Little's Law holds",IF(O98>1,"Draining a line left from earlier","Line still building")),"Hardly any line")))
A99: With Smart Scan screens | B99: Munch Mess | C99: 14:20 | D99: ='Sim Data'!$E$292 -> 0 | E99: ='Sim Data'!$G$292 -> 0 | F99: =IF(E99>0,1/E99,60/Assumptions!$B$16) -> 30 | G99: =Assumptions!$B$15 -> 1 | H99: =D99/(G99*F99) -> 0 | I99: =IF(D99=0,"no arrivals",IF(H99<0.85,"stable",IF(H99<1,"near capacity","over capacity"))) -> no arrivals | J99: =IF(AND(D99>0,H99<1),H99/(F99-D99),"—") -> — | K99: =IF(ISNUMBER(J99),(1+0.3^2)/2*J99,"—") -> — | L99: ='Sim Data'!$F$292 -> 0 | M99: ='Sim Data'!$H$292 -> 0 | N99: =D99*L99 -> 0 | O99: =IF(MAX(M99,N99)<0.5,"both ≈ 0",IF(N99=0,"no new arrivals",M99/N99)) -> both ≈ 0 | P99: =IF(D99=0,"",IF(H99>=1,"No steady state: the line grows by about "&TEXT((D99-G99*F99)*10,"0")&" in 10 min",IF(ISNUMBER(O99),IF(ABS(O99-1)<=0.2,"Steady: Little's Law holds",IF(O99>1,"Draining a line left from earlier","Line still building")),"Hardly any line")))
A102: Utilisation by slot (chart data)
A103: Slot | B103: Central CT, today | C103: Munch Mess, today | D103: Central CT, with screens | E103: Munch Mess, with screens | F103: Capacity (ρ = 100%)
A104: 11:30 | B104: =H28 -> 0 | C104: =H46 -> 0 | D104: =H64 -> 0 | E104: =H82 -> 0 | F104: 1
A105: 11:40 | B105: =H29 -> 0 | C105: =H47 -> 0 | D105: =H65 -> 0 | E105: =H83 -> 0 | F105: 1
A106: 11:50 | B106: =H30 -> 0 | C106: =H48 -> 0 | D106: =H66 -> 0 | E106: =H84 -> 0 | F106: 1
A107: 12:00 | B107: =H31 -> 0.48642 | C107: =H49 -> 0.129204 | D107: =H67 -> 0.48642 | E107: =H85 -> 0.129204 | F107: 1
A108: 12:10 | B108: =H32 -> 0.625041 | C108: =H50 -> 0.154976 | D108: =H68 -> 0.625041 | E108: =H86 -> 0.154976 | F108: 1
A109: 12:20 | B109: =H33 -> 0.6306375 | C109: =H51 -> 0.161564 | D109: =H69 -> 0.621073 | E109: =H87 -> 0.168831 | F109: 1
A110: 12:30 | B110: =H34 -> 0.7676525 | C110: =H52 -> 0.193674 | D110: =H70 -> 0.7251075 | E110: =H88 -> 0.2339975 | F110: 1
A111: 12:40 | B111: =H35 -> 0.67969 | C111: =H53 -> 0.180096 | D111: =H71 -> 0.624042 | E111: =H89 -> 0.231336 | F111: 1
A112: 12:50 | B112: =H36 -> 0.563124 | C112: =H54 -> 0.147 | D112: =H72 -> 0.5296365 | E112: =H90 -> 0.180774 | F112: 1
A113: 13:00 | B113: =H37 -> 0.7560765 | C113: =H55 -> 0.187677 | D113: =H73 -> 0.705998 | E113: =H91 -> 0.226424 | F113: 1
A114: 13:10 | B114: =H38 -> 0.984348 | C114: =H56 -> 0.2490725 | D114: =H74 -> 0.713925 | E114: =H92 -> 0.513975 | F114: 1
A115: 13:20 | B115: =H39 -> 0.940556 | C115: =H57 -> 0.24549 | D115: =H75 -> 0.6538455 | E115: =H93 -> 0.534901 | F115: 1
... A121: 14:20 | B121: =H45 -> 0 | C121: =H63 -> 0 | D121: =H81 -> 0 | E121: =H99 -> 0 | F121: 1

Sheet Q2 Serving stations
A1: Serving stations: M/M/c
A2: M/M/c, two serving stations per mess. Arrivals, waits and line lengths are simulated; utilisation, stability and the textbook waits are formulas.
A4: Summary
A5: Scenario | B5: Mess | C5: Peak ρ | D5: Slots over | E5: Slots near | F5: Worst wait | G5: Avg wait
A6: Today (no screens) | B6: Central CT | C6: =_xlfn.MAXIFS($H$28:$H$99,$A$28:$A$99,"Today (no screens)",$B$28:$B$99,"Central CT") -> 1.4695395 | D6: =COUNTIFS($A$28:$A$99,"Today (no screens)",$B$28:$B$99,"Central CT",$H$28:$H$99,">=1") -> 6 | E6: =COUNTIFS($A$28:$A$99,"Today (no screens)",$B$28:$B$99,"Central CT",$H$28:$H$99,">=0.85",$H$28:$H$99,"<1") -> 3 | F6: =_xlfn.MAXIFS($L$28:$L$99,$A$28:$A$99,"Today (no screens)",$B$28:$B$99,"Central CT") -> 14.4096 | G6: =SUMPRODUCT(($A$28:$A$99="Today (no screens)")*($B$28:$B$99="Central CT")*$L$28:$L$99*$D$28:$D$99)/SUMPRODUCT(($A$28:$A$99="Today (no screens)")*($B$28:$B$99="Central CT")*$D$28:$D$99) -> 5.3059144
A7: Today (no screens) | B7: Munch Mess | C7: =_xlfn.MAXIFS($H$28:$H$99,$A$28:$A$99,"Today (no screens)",$B$28:$B$99,"Munch Mess") -> 0.381 | D7: =COUNTIFS($A$28:$A$99,"Today (no screens)",$B$28:$B$99,"Munch Mess",$H$28:$H$99,">=1") -> 0 | E7: =COUNTIFS($A$28:$A$99,"Today (no screens)",$B$28:$B$99,"Munch Mess",$H$28:$H$99,">=0.85",$H$28:$H$99,"<1") -> 0 | F7: =_xlfn.MAXIFS($L$28:$L$99,$A$28:$A$99,"Today (no screens)",$B$28:$B$99,"Munch Mess") -> 0.0121 | G7: =SUMPRODUCT(($A$28:$A$99="Today (no screens)")*($B$28:$B$99="Munch Mess")*$L$28:$L$99*$D$28:$D$99)/SUMPRODUCT(($A$28:$A$99="Today (no screens)")*($B$28:$B$99="Munch Mess")*$D$28:$D$99) -> 0.0063195523
A8: With Smart Scan screens | B8: Central CT | C8: =_xlfn.MAXIFS($H$28:$H$99,$A$28:$A$99,"With Smart Scan screens",$B$28:$B$99,"Central CT") -> 1.0648225 | D8: =COUNTIFS($A$28:$A$99,"With Smart Scan screens",$B$28:$B$99,"Central CT",$H$28:$H$99,">=1") -> 4 | E8: =COUNTIFS($A$28:$A$99,"With Smart Scan screens",$B$28:$B$99,"Central CT",$H$28:$H$99,">=0.85",$H$28:$H$99,"<1") -> 4 | F8: =_xlfn.MAXIFS($L$28:$L$99,$A$28:$A$99,"With Smart Scan screens",$B$28:$B$99,"Central CT") -> 2.1938 | G8: =SUMPRODUCT(($A$28:$A$99="With Smart Scan screens")*($B$28:$B$99="Central CT")*$L$28:$L$99*$D$28:$D$99)/SUMPRODUCT(($A$28:$A$99="With Smart Scan screens")*($B$28:$B$99="Central CT")*$D$28:$D$99) -> 1.0512015
A9: With Smart Scan screens | B9: Munch Mess | C9: =_xlfn.MAXIFS($H$28:$H$99,$A$28:$A$99,"With Smart Scan screens",$B$28:$B$99,"Munch Mess") -> 0.78864 | D9: =COUNTIFS($A$28:$A$99,"With Smart Scan screens",$B$28:$B$99,"Munch Mess",$H$28:$H$99,">=1") -> 0 | E9: =COUNTIFS($A$28:$A$99,"With Smart Scan screens",$B$28:$B$99,"Munch Mess",$H$28:$H$99,">=0.85",$H$28:$H$99,"<1") -> 0 | F9: =_xlfn.MAXIFS($L$28:$L$99,$A$28:$A$99,"With Smart Scan screens",$B$28:$B$99,"Munch Mess") -> 0.1552 | G9: =SUMPRODUCT(($A$28:$A$99="With Smart Scan screens")*($B$28:$B$99="Munch Mess")*$L$28:$L$99*$D$28:$D$99)/SUMPRODUCT(($A$28:$A$99="With Smart Scan screens")*($B$28:$B$99="Munch Mess")*$D$28:$D$99) -> 0.07231788
A10: Slots over = ρ ≥ 100% · slots near = 85–100% · waits in minutes (simulated)
A12: Takeaway: This is the bottleneck. Two stations serve 20 students a minute. Today Central runs at up to 147% in the 13:10 surge, so the line grows every minute and there is no steady state until the surge passes. With the screens Central peaks at 106% for a short while and Munch takes the overflow (peak 79%). The screens only ask students to walk when it saves at least 2 minutes, and only 60% follow.
A20: In the table below: red = over capacity (the line keeps growing), amber = near capacity (waits rise steeply).
A26: Slot by slot (filter by scenario or mess)
A27: Scenario | B27: Mess | C27: Slot | D27: λ (/min) | E27: Service time (min) | F27: μ (/min) | G27: c | H27: ρ | I27: Stable? | J27: Wq textbook (min) | K27: Wq corrected for cv (min) | L27: Wq simulated (min) | M27: Lq simulated | N27: λ × Wq simulated | O27: Little's Law: Lq ÷ λWq | P27: What it means
A28: Today (no screens) | B28: Central CT | C28: 11:30 | D28: ='Sim Data'!$E$23 -> 0 | E28: ='Sim Data'!$G$23 -> 0 | F28: =IF(E28>0,1/E28,Assumptions!$B$21) -> 10 | G28: =Assumptions!$B$20 -> 2 | H28: =D28/(G28*F28) -> 0 | I28: =IF(D28=0,"no arrivals",IF(H28<0.85,"stable",IF(H28<1,"near capacity","over capacity"))) -> no arrivals | J28: =IF(AND(D28>0,H28<1),((D28/F28)^G28/FACT(G28)/(1-H28))/(SUMPRODUCT(--({0,1,2,3,4,5,6,7,8,9}<G28),(D28/F28)^{0,1,2,3,4,5,6,7,8,9}/FACT({0,1,2,3,4,5,6,7,8,9}))+((D28/F28)^G28/FACT(G28)/(1-H28)))/(G28*F28-D28),"—") -> — | K28: =IF(ISNUMBER(J28),(1+Assumptions!$B$22^2)/2*J28,"—") -> — | L28: ='Sim Data'!$F$23 -> 0 | M28: ='Sim Data'!$H$23 -> 0 | N28: =D28*L28 -> 0 | O28: =IF(MAX(M28,N28)<0.5,"both ≈ 0",IF(N28=0,"no new arrivals",M28/N28)) -> both ≈ 0 | P28: =IF(D28=0,"",IF(H28>=1,"No steady state: the line grows by about "&TEXT((D28-G28*F28)*10,"0")&" in 10 min",IF(ISNUMBER(O28),IF(ABS(O28-1)<=0.2,"Steady: Little's Law holds",IF(O28>1,"Draining a line left from earlier","Line still building")),"Hardly any line")))
A29: Today (no screens) | B29: Central CT | C29: 11:40 | D29: ='Sim Data'!$E$24 -> 0 | E29: ='Sim Data'!$G$24 -> 0 | F29: =IF(E29>0,1/E29,Assumptions!$B$21) -> 10 | G29: =Assumptions!$B$20 -> 2 | H29: =D29/(G29*F29) -> 0 | I29: =IF(D29=0,"no arrivals",IF(H29<0.85,"stable",IF(H29<1,"near capacity","over capacity"))) -> no arrivals | J29: =IF(AND(D29>0,H29<1),((D29/F29)^G29/FACT(G29)/(1-H29))/(SUMPRODUCT(--({0,1,2,3,4,5,6,7,8,9}<G29),(D29/F29)^{0,1,2,3,4,5,6,7,8,9}/FACT({0,1,2,3,4,5,6,7,8,9}))+((D29/F29)^G29/FACT(G29)/(1-H29)))/(G29*F29-D29),"—") -> — | K29: =IF(ISNUMBER(J29),(1+Assumptions!$B$22^2)/2*J29,"—") -> — | L29: ='Sim Data'!$F$24 -> 0 | M29: ='Sim Data'!$H$24 -> 0 | N29: =D29*L29 -> 0 | O29: =IF(MAX(M29,N29)<0.5,"both ≈ 0",IF(N29=0,"no new arrivals",M29/N29)) -> both ≈ 0 | P29: =IF(D29=0,"",IF(H29>=1,"No steady state: the line grows by about "&TEXT((D29-G29*F29)*10,"0")&" in 10 min",IF(ISNUMBER(O29),IF(ABS(O29-1)<=0.2,"Steady: Little's Law holds",IF(O29>1,"Draining a line left from earlier","Line still building")),"Hardly any line")))
A30: Today (no screens) | B30: Central CT | C30: 11:50 | D30: ='Sim Data'!$E$25 -> 0 | E30: ='Sim Data'!$G$25 -> 0 | F30: =IF(E30>0,1/E30,Assumptions!$B$21) -> 10 | G30: =Assumptions!$B$20 -> 2 | H30: =D30/(G30*F30) -> 0 | I30: =IF(D30=0,"no arrivals",IF(H30<0.85,"stable",IF(H30<1,"near capacity","over capacity"))) -> no arrivals | J30: =IF(AND(D30>0,H30<1),((D30/F30)^G30/FACT(G30)/(1-H30))/(SUMPRODUCT(--({0,1,2,3,4,5,6,7,8,9}<G30),(D30/F30)^{0,1,2,3,4,5,6,7,8,9}/FACT({0,1,2,3,4,5,6,7,8,9}))+((D30/F30)^G30/FACT(G30)/(1-H30)))/(G30*F30-D30),"—") -> — | K30: =IF(ISNUMBER(J30),(1+Assumptions!$B$22^2)/2*J30,"—") -> — | L30: ='Sim Data'!$F$25 -> 0 | M30: ='Sim Data'!$H$25 -> 0 | N30: =D30*L30 -> 0 | O30: =IF(MAX(M30,N30)<0.5,"both ≈ 0",IF(N30=0,"no new arrivals",M30/N30)) -> both ≈ 0 | P30: =IF(D30=0,"",IF(H30>=1,"No steady state: the line grows by about "&TEXT((D30-G30*F30)*10,"0")&" in 10 min",IF(ISNUMBER(O30),IF(ABS(O30-1)<=0.2,"Steady: Little's Law holds",IF(O30>1,"Draining a line left from earlier","Line still building")),"Hardly any line")))
A31: Today (no screens) | B31: Central CT | C31: 12:00 | D31: ='Sim Data'!$E$26 -> 13.485 | E31: ='Sim Data'!$G$26 -> 0.1019 | F31: =IF(E31>0,1/E31,Assumptions!$B$21) -> 9.8135427 | G31: =Assumptions!$B$20 -> 2 | H31: =D31/(G31*F31) -> 0.68706075 | I31: =IF(D31=0,"no arrivals",IF(H31<0.85,"stable",IF(H31<1,"near capacity","over capacity"))) -> stable | J31: =IF(AND(D31>0,H31<1),((D31/F31)^G31/FACT(G31)/(1-H31))/(SUMPRODUCT(--({0,1,2,3,4,5,6,7,8,9}<G31),(D31/F31)^{0,1,2,3,4,5,6,7,8,9}/FACT({0,1,2,3,4,5,6,7,8,9}))+((D31/F31)^G31/FACT(G31)/(1-H31)))/(G31*F31-D31),"—") -> 0.091111606 | K31: =IF(ISNUMBER(J31),(1+Assumptions!$B$22^2)/2*J31,"—") -> 0.061955892 | L31: ='Sim Data'!$F$26 -> 0.0857 | M31: ='Sim Data'!$H$26 -> 1.1129 | N31: =D31*L31 -> 1.1556645 | O31: =IF(MAX(M31,N31)<0.5,"both ≈ 0",IF(N31=0,"no new arrivals",M31/N31)) -> 0.96299575 | P31: =IF(D31=0,"",IF(H31>=1,"No steady state: the line grows by about "&TEXT((D31-G31*F31)*10,"0")&" in 10 min",IF(ISNUMBER(O31),IF(ABS(O31-1)<=0.2,"Steady: Little's Law holds",IF(O31>1,"Draining a line left from earlier","Line still building")),"Hardly any line"))) -> Steady: Little's Law holds
A32: Today (no screens) | B32: Central CT | C32: 12:10 | D32: ='Sim Data'!$E$27 -> 18.49 | E32: ='Sim Data'!$G$27 -> 0.1004 | F32: =IF(E32>0,1/E32,Assumptions!$B$21) -> 9.9601594 | G32: =Assumptions!$B$20 -> 2 | H32: =D32/(G32*F32) -> 0.928198 | I32: =IF(D32=0,"no arrivals",IF(H32<0.85,"stable",IF(H32<1,"near capacity","over capacity"))) -> near capacity | J32: =IF(AND(D32>0,H32<1),((D32/F32)^G32/FACT(G32)/(1-H32))/(SUMPRODUCT(--({0,1,2,3,4,5,6,7,8,9}<G32),(D32/F32)^{0,1,2,3,4,5,6,7,8,9}/FACT({0,1,2,3,4,5,6,7,8,9}))+((D32/F32)^G32/FACT(G32)/(1-H32)))/(G32*F32-D32),"—") -> 0.62477954 | K32: =IF(ISNUMBER(J32),(1+Assumptions!$B$22^2)/2*J32,"—") -> 0.42485009 | L32: ='Sim Data'!$F$27 -> 0.2595 | M32: ='Sim Data'!$H$27 -> 4.575 | N32: =D32*L32 -> 4.798155 | O32: =IF(MAX(M32,N32)<0.5,"both ≈ 0",IF(N32=0,"no new arrivals",M32/N32)) -> 0.9534915 | P32: =IF(D32=0,"",IF(H32>=1,"No steady state: the line grows by about "&TEXT((D32-G32*F32)*10,"0")&" in 10 min",IF(ISNUMBER(O32),IF(ABS(O32-1)<=0.2,"Steady: Little's Law holds",IF(O32>1,"Draining a line left from earlier","Line still building")),"Hardly any line"))) -> Steady: Little's Law holds
A33: Today (no screens) | B33: Central CT | C33: 12:20 | D33: ='Sim Data'!$E$28 -> 19.005 | E33: ='Sim Data'!$G$28 -> 0.1009 | F33: =IF(E33>0,1/E33,Assumptions!$B$21) -> 9.9108028 | G33: =Assumptions!$B$20 -> 2 | H33: =D33/(G33*F33) -> 0.95880225 | I33: =IF(D33=0,"no arrivals",IF(H33<0.85,"stable",IF(H33<1,"near capacity","over capacity"))) -> near capacity | J33: =IF(AND(D33>0,H33<1),((D33/F33)^G33/FACT(G33)/(1-H33))/(SUMPRODUCT(--({0,1,2,3,4,5,6,7,8,9}<G33),(D33/F33)^{0,1,2,3,4,5,6,7,8,9}/FACT({0,1,2,3,4,5,6,7,8,9}))+((D33/F33)^G33/FACT(G33)/(1-H33)))/(G33*F33-D33),"—") -> 1.149437 | K33: =IF(ISNUMBER(J33),(1+Assumptions!$B$22^2)/2*J33,"—") -> 0.78161714 | L33: ='Sim Data'!$F$28 -> 0.613 | M33: ='Sim Data'!$H$28 -> 11.2764 | N33: =D33*L33 -> 11.650065 | O33: =IF(MAX(M33,N33)<0.5,"both ≈ 0",IF(N33=0,"no new arrivals",M33/N33)) -> 0.96792593 | P33: =IF(D33=0,"",IF(H33>=1,"No steady state: the line grows by about "&TEXT((D33-G33*F33)*10,"0")&" in 10 min",IF(ISNUMBER(O33),IF(ABS(O33-1)<=0.2,"Steady: Little's Law holds",IF(O33>1,"Draining a line left from earlier","Line still building")),"Hardly any line"))) -> Steady: Little's Law holds
A34: Today (no screens) | B34: Central CT | C34: 12:30 | D34: ='Sim Data'!$E$29 -> 22.575 | E34: ='Sim Data'!$G$29 -> 0.1002 | F34: =IF(E34>0,1/E34,Assumptions!$B$21) -> 9.9800399 | G34: =Assumptions!$B$20 -> 2 | H34: =D34/(G34*F34) -> 1.1310075 | I34: =IF(D34=0,"no arrivals",IF(H34<0.85,"stable",IF(H34<1,"near capacity","over capacity"))) -> over capacity | J34: =IF(AND(D34>0,H34<1),((D34/F34)^G34/FACT(G34)/(1-H34))/(SUMPRODUCT(--({0,1,2,3,4,5,6,7,8,9}<G34),(D34/F34)^{0,1,2,3,4,5,6,7,8,9}/FACT({0,1,2,3,4,5,6,7,8,9}))+((D34/F34)^G34/FACT(G34)/(1-H34)))/(G34*F34-D34),"—") -> — | K34: =IF(ISNUMBER(J34),(1+Assumptions!$B$22^2)/2*J34,"—") -> — | L34: ='Sim Data'!$F$29 -> 1.3246 | M34: ='Sim Data'!$H$29 -> 25.1983 | N34: =D34*L34 -> 29.902845 | O34: =IF(MAX(M34,N34)<0.5,"both ≈ 0",IF(N34=0,"no new arrivals",M34/N34)) -> 0.84267233 | P34: =IF(D34=0,"",IF(H34>=1,"No steady state: the line grows by about "&TEXT((D34-G34*F34)*10,"0")&" in 10 min",IF(ISNUMBER(O34),IF(ABS(O34-1)<=0.2,"Steady: Little's Law holds",IF(O34>1,"Draining a line left from earlier","Line still building")),"Hardly any line"))) -> No steady state: the line grows by about 26 in 10 min
A35: Today (no screens) | B35: Central CT | C35: 12:40 | D35: ='Sim Data'!$E$30 -> 20.555 | E35: ='Sim Data'!$G$30 -> 0.0983 | F35: =IF(E35>0,1/E35,Assumptions!$B$21) -> 10.17294 | G35: =Assumptions!$B$20 -> 2 | H35: =D35/(G35*F35) -> 1.0102783 | I35: =IF(D35=0,"no arrivals",IF(H35<0.85,"stable",IF(H35<1,"near capacity","over capacity"))) -> over capacity | J35: =IF(AND(D35>0,H35<1),((D35/F35)^G35/FACT(G35)/(1-H35))/(SUMPRODUCT(--({0,1,2,3,4,5,6,7,8,9}<G35),(D35/F35)^{0,1,2,3,4,5,6,7,8,9}/FACT({0,1,2,3,4,5,6,7,8,9}))+((D35/F35)^G35/FACT(G35)/(1-H35)))/(G35*F35-D35),"—") -> — | K35: =IF(ISNUMBER(J35),(1+Assumptions!$B$22^2)/2*J35,"—") -> — | L35: ='Sim Data'!$F$30 -> 2.4614 | M35: ='Sim Data'!$H$30 -> 45.0696 | N35: =D35*L35 -> 50.594077 | O35: =IF(MAX(M35,N35)<0.5,"both ≈ 0",IF(N35=0,"no new arrivals",M35/N35)) -> 0.89080783 | P35: =IF(D35=0,"",IF(H35>=1,"No steady state: the line grows by about "&TEXT((D35-G35*F35)*10,"0")&" in 10 min",IF(ISNUMBER(O35),IF(ABS(O35-1)<=0.2,"Steady: Little's Law holds",IF(O35>1,"Draining a line left from earlier","Line still building")),"Hardly any line"))) -> No steady state: the line grows by about 2 in 10 min
A36: Today (no screens) | B36: Central CT | C36: 12:50 | D36: ='Sim Data'!$E$31 -> 17.265 | E36: ='Sim Data'!$G$31 -> 0.1002 | F36: =IF(E36>0,1/E36,Assumptions!$B$21) -> 9.9800399 | G36: =Assumptions!$B$20 -> 2 | H36: =D36/(G36*F36) -> 0.8649765 | I36: =IF(D36=0,"no arrivals",IF(H36<0.85,"stable",IF(H36<1,"near capacity","over capacity"))) -> near capacity | J36: =IF(AND(D36>0,H36<1),((D36/F36)^G36/FACT(G36)/(1-H36))/(SUMPRODUCT(--({0,1,2,3,4,5,6,7,8,9}<G36),(D36/F36)^{0,1,2,3,4,5,6,7,8,9}/FACT({0,1,2,3,4,5,6,7,8,9}))+((D36/F36)^G36/FACT(G36)/(1-H36)))/(G36*F36-D36),"—") -> 0.29771013 | K36: =IF(ISNUMBER(J36),(1+Assumptions!$B$22^2)/2*J36,"—") -> 0.20244289 | L36: ='Sim Data'!$F$31 -> 2.6137 | M36: ='Sim Data'!$H$31 -> 47.1154 | N36: =D36*L36 -> 45.125531 | O36: =IF(MAX(M36,N36)<0.5,"both ≈ 0",IF(N36=0,"no new arrivals",M36/N36)) -> 1.0440963 | P36: =IF(D36=0,"",IF(H36>=1,"No steady state: the line grows by about "&TEXT((D36-G36*F36)*10,"0")&" in 10 min",IF(ISNUMBER(O36),IF(ABS(O36-1)<=0.2,"Steady: Little's Law holds",IF(O36>1,"Draining a line left from earlier","Line still building")),"Hardly any line"))) -> Steady: Little's Law holds
A37: Today (no screens) | B37: Central CT | C37: 13:00 | D37: ='Sim Data'!$E$32 -> 21.335 | E37: ='Sim Data'!$G$32 -> 0.0998 | F37: =IF(E37>0,1/E37,Assumptions!$B$21) -> 10.02004 | G37: =Assumptions!$B$20 -> 2 | H37: =D37/(G37*F37) -> 1.0646165 | I37: =IF(D37=0,"no arrivals",IF(H37<0.85,"stable",IF(H37<1,"near capacity","over capacity"))) -> over capacity | J37: =IF(AND(D37>0,H37<1),((D37/F37)^G37/FACT(G37)/(1-H37))/(SUMPRODUCT(--({0,1,2,3,4,5,6,7,8,9}<G37),(D37/F37)^{0,1,2,3,4,5,6,7,8,9}/FACT({0,1,2,3,4,5,6,7,8,9}))+((D37/F37)^G37/FACT(G37)/(1-H37)))/(G37*F37-D37),"—") -> — | K37: =IF(ISNUMBER(J37),(1+Assumptions!$B$22^2)/2*J37,"—") -> — | L37: ='Sim Data'!$F$32 -> 2.0437 | M37: ='Sim Data'!$H$32 -> 38.4499 | N37: =D37*L37 -> 43.602339 | O37: =IF(MAX(M37,N37)<0.5,"both ≈ 0",IF(N37=0,"no new arrivals",M37/N37)) -> 0.88183112 | P37: =IF(D37=0,"",IF(H37>=1,"No steady state: the line grows by about "&TEXT((D37-G37*F37)*10,"0")&" in 10 min",IF(ISNUMBER(O37),IF(ABS(O37-1)<=0.2,"Steady: Little's Law holds",IF(O37>1,"Draining a line left from earlier","Line still building")),"Hardly any line"))) -> No steady state: the line grows by about 13 in 10 min
A38: Today (no screens) | B38: Central CT | C38: 13:10 | D38: ='Sim Data'!$E$33 -> 29.14 | E38: ='Sim Data'!$G$33 -> 0.1006 | F38: =IF(E38>0,1/E38,Assumptions!$B$21) -> 9.9403579 | G38: =Assumptions!$B$20 -> 2 | H38: =D38/(G38*F38) -> 1.465742 | I38: =IF(D38=0,"no arrivals",IF(H38<0.85,"stable",IF(H38<1,"near capacity","over capacity"))) -> over capacity | J38: =IF(AND(D38>0,H38<1),((D38/F38)^G38/FACT(G38)/(1-H38))/(SUMPRODUCT(--({0,1,2,3,4,5,6,7,8,9}<G38),(D38/F38)^{0,1,2,3,4,5,6,7,8,9}/FACT({0,1,2,3,4,5,6,7,8,9}))+((D38/F38)^G38/FACT(G38)/(1-H38)))/(G38*F38-D38),"—") -> — | K38: =IF(ISNUMBER(J38),(1+Assumptions!$B$22^2)/2*J38,"—") -> — | L38: ='Sim Data'!$F$33 -> 5.2853 | M38: ='Sim Data'!$H$33 -> 104.4255 | N38: =D38*L38 -> 154.01364 | O38: =IF(MAX(M38,N38)<0.5,"both ≈ 0",IF(N38=0,"no new arrivals",M38/N38)) -> 0.6780276 | P38: =IF(D38=0,"",IF(H38>=1,"No steady state: the line grows by about "&TEXT((D38-G38*F38)*10,"0")&" in 10 min",IF(ISNUMBER(O38),IF(ABS(O38-1)<=0.2,"Steady: Little's Law holds",IF(O38>1,"Draining a line left from earlier","Line still building")),"Hardly any line"))) -> No steady state: the line grows by about 93 in 10 min
A39: Today (no screens) | B39: Central CT | C39: 13:20 | D39: ='Sim Data'!$E$34 -> 28.73 | E39: ='Sim Data'!$G$34 -> 0.1023 | F39: =IF(E39>0,1/E39,Assumptions!$B$21) -> 9.7751711 | G39: =Assumptions!$B$20 -> 2 | H39: =D39/(G39*F39) -> 1.4695395 | I39: =IF(D39=0,"no arrivals",IF(H39<0.85,"stable",IF(H39<1,"near capacity","over capacity"))) -> over capacity | J39: =IF(AND(D39>0,H39<1),((D39/F39)^G39/FACT(G39)/(1-H39))/(SUMPRODUCT(--({0,1,2,3,4,5,6,7,8,9}<G39),(D39/F39)^{0,1,2,3,4,5,6,7,8,9}/FACT({0,1,2,3,4,5,6,7,8,9}))+((D39/F39)^G39/FACT(G39)/(1-H39)))/(G39*F39-D39),"—") -> — | K39: =IF(ISNUMBER(J39),(1+Assumptions!$B$22^2)/2*J39,"—") -> — | L39: ='Sim Data'!$F$34 -> 10.5469 | M39: ='Sim Data'!$H$34 -> 197.4126 | N39: =D39*L39 -> 303.01244 | O39: =IF(MAX(M39,N39)<0.5,"both ≈ 0",IF(N39=0,"no new arrivals",M39/N39)) -> 0.65149999 | P39: =IF(D39=0,"",IF(H39>=1,"No steady state: the line grows by about "&TEXT((D39-G39*F39)*10,"0")&" in 10 min",IF(ISNUMBER(O39),IF(ABS(O39-1)<=0.2,"Steady: Little's Law holds",IF(O39>1,"Draining a line left from earlier","Line still building")),"Hardly any line"))) -> No steady state: the line grows by about 92 in 10 min
A40: Today (no screens) | B40: Central CT | C40: 13:30 | D40: ='Sim Data'!$E$35 -> 22.625 | E40: ='Sim Data'!$G$35 -> 0.0995 | F40: =IF(E40>0,1/E40,Assumptions!$B$21) -> 10.050251 | G40: =Assumptions!$B$20 -> 2 | H40: =D40/(G40*F40) -> 1.1255937 | I40: =IF(D40=0,"no arrivals",IF(H40<0.85,"stable",IF(H40<1,"near capacity","over capacity"))) -> over capacity | J40: =IF(AND(D40>0,H40<1),((D40/F40)^G40/FACT(G40)/(1-H40))/(SUMPRODUCT(--({0,1,2,3,4,5,6,7,8,9}<G40),(D40/F40)^{0,1,2,3,4,5,6,7,8,9}/FACT({0,1,2,3,4,5,6,7,8,9}))+((D40/F40)^G40/FACT(G40)/(1-H40)))/(G40*F40-D40),"—") -> — | K40: =IF(ISNUMBER(J40),(1+Assumptions!$B$22^2)/2*J40,"—") -> — | L40: ='Sim Data'!$F$35 -> 14.4096 | M40: ='Sim Data'!$H$35 -> 266.448 | N40: =D40*L40 -> 326.0172 | O40: =IF(MAX(M40,N40)<0.5,"both ≈ 0",IF(N40=0,"no new arrivals",M40/N40)) -> 0.81728203 | P40: =IF(D40=0,"",IF(H40>=1,"No steady state: the line grows by about "&TEXT((D40-G40*F40)*10,"0")&" in 10 min",IF(ISNUMBER(O40),IF(ABS(O40-1)<=0.2,"Steady: Little's Law holds",IF(O40>1,"Draining a line left from earlier","Line still building")),"Hardly any line"))) -> No steady state: the line grows by about 25 in 10 min
A41: Today (no screens) | B41: Central CT | C41: 13:40 | D41: ='Sim Data'!$E$36 -> 14.975 | E41: ='Sim Data'!$G$36 -> 0.0994 | F41: =IF(E41>0,1/E41,Assumptions!$B$21) -> 10.060362 | G41: =Assumptions!$B$20 -> 2 | H41: =D41/(G41*F41) -> 0.7442575 | I41: =IF(D41=0,"no arrivals",IF(H41<0.85,"stable",IF(H41<1,"near capacity","over capacity"))) -> stable | J41: =IF(AND(D41>0,H41<1),((D41/F41)^G41/FACT(G41)/(1-H41))/(SUMPRODUCT(--({0,1,2,3,4,5,6,7,8,9}<G41),(D41/F41)^{0,1,2,3,4,5,6,7,8,9}/FACT({0,1,2,3,4,5,6,7,8,9}))+((D41/F41)^G41/FACT(G41)/(1-H41)))/(G41*F41-D41),"—") -> 0.1234296 | K41: =IF(ISNUMBER(J41),(1+Assumptions!$B$22^2)/2*J41,"—") -> 0.083932127 | L41: ='Sim Data'!$F$36 -> 13.9149 | M41: ='Sim Data'!$H$36 -> 274.8418 | N41: =D41*L41 -> 208.37563 | O41: =IF(MAX(M41,N41)<0.5,"both ≈ 0",IF(N41=0,"no new arrivals",M41/N41)) -> 1.3189729 | P41: =IF(D41=0,"",IF(H41>=1,"No steady state: the line grows by about "&TEXT((D41-G41*F41)*10,"0")&" in 10 min",IF(ISNUMBER(O41),IF(ABS(O41-1)<=0.2,"Steady: Little's Law holds",IF(O41>1,"Draining a line left from earlier","Line still building")),"Hardly any line"))) -> Draining a line left from earlier
A42: Today (no screens) | B42: Central CT | C42: 13:50 | D42: ='Sim Data'!$E$37 -> 7.47 | E42: ='Sim Data'!$G$37 -> 0.0991 | F42: =IF(E42>0,1/E42,Assumptions!$B$21) -> 10.090817 | G42: =Assumptions!$B$20 -> 2 | H42: =D42/(G42*F42) -> 0.3701385 | I42: =IF(D42=0,"no arrivals",IF(H42<0.85,"stable",IF(H42<1,"near capacity","over capacity"))) -> stable | J42: =IF(AND(D42>0,H42<1),((D42/F42)^G42/FACT(G42)/(1-H42))/(SUMPRODUCT(--({0,1,2,3,4,5,6,7,8,9}<G42),(D42/F42)^{0,1,2,3,4,5,6,7,8,9}/FACT({0,1,2,3,4,5,6,7,8,9}))+((D42/F42)^G42/FACT(G42)/(1-H42)))/(G42*F42-D42),"—") -> 0.015732315 | K42: =IF(ISNUMBER(J42),(1+Assumptions!$B$22^2)/2*J42,"—") -> 0.010697974 | L42: ='Sim Data'!$F$37 -> 9.6599 | M42: ='Sim Data'!$H$37 -> 188.3463 | N42: =D42*L42 -> 72.159453 | O42: =IF(MAX(M42,N42)<0.5,"both ≈ 0",IF(N42=0,"no new arrivals",M42/N42)) -> 2.6101404 | P42: =IF(D42=0,"",IF(H42>=1,"No steady state: the line grows by about "&TEXT((D42-G42*F42)*10,"0")&" in 10 min",IF(ISNUMBER(O42),IF(ABS(O42-1)<=0.2,"Steady: Little's Law holds",IF(O42>1,"Draining a line left from earlier","Line still building")),"Hardly any line"))) -> Draining a line left from earlier
A43: Today (no screens) | B43: Central CT | C43: 14:00 | D43: ='Sim Data'!$E$38 -> 0.28 | E43: ='Sim Data'!$G$38 -> 0.1103 | F43: =IF(E43>0,1/E43,Assumptions!$B$21) -> 9.0661831 | G43: =Assumptions!$B$20 -> 2 | H43: =D43/(G43*F43) -> 0.015442 | I43: =IF(D43=0,"no arrivals",IF(H43<0.85,"stable",IF(H43<1,"near capacity","over capacity"))) -> stable | J43: =IF(AND(D43>0,H43<1),((D43/F43)^G43/FACT(G43)/(1-H43))/(SUMPRODUCT(--({0,1,2,3,4,5,6,7,8,9}<G43),(D43/F43)^{0,1,2,3,4,5,6,7,8,9}/FACT({0,1,2,3,4,5,6,7,8,9}))+((D43/F43)^G43/FACT(G43)/(1-H43)))/(G43*F43-D43),"—") -> 2.63079e-05 | K43: =IF(ISNUMBER(J43),(1+Assumptions!$B$22^2)/2*J43,"—") -> 1.7889372e-05 | L43: ='Sim Data'!$F$38 -> 5.062 | M43: ='Sim Data'!$H$38 -> 46.0897 | N43: =D43*L43 -> 1.41736 | O43: =IF(MAX(M43,N43)<0.5,"both ≈ 0",IF(N43=0,"no new arrivals",M43/N43)) -> 32.517991 | P43: =IF(D43=0,"",IF(H43>=1,"No steady state: the line grows by about "&TEXT((D43-G43*F43)*10,"0")&" in 10 min",IF(ISNUMBER(O43),IF(ABS(O43-1)<=0.2,"Steady: Little's Law holds",IF(O43>1,"Draining a line left from earlier","Line still building")),"Hardly any line"))) -> Draining a line left from earlier
A44: Today (no screens) | B44: Central CT | C44: 14:10 | D44: ='Sim Data'!$E$39 -> 0 | E44: ='Sim Data'!$G$39 -> 0 | F44: =IF(E44>0,1/E44,Assumptions!$B$21) -> 10 | G44: =Assumptions!$B$20 -> 2 | H44: =D44/(G44*F44) -> 0 | I44: =IF(D44=0,"no arrivals",IF(H44<0.85,"stable",IF(H44<1,"near capacity","over capacity"))) -> no arrivals | J44: =IF(AND(D44>0,H44<1),((D44/F44)^G44/FACT(G44)/(1-H44))/(SUMPRODUCT(--({0,1,2,3,4,5,6,7,8,9}<G44),(D44/F44)^{0,1,2,3,4,5,6,7,8,9}/FACT({0,1,2,3,4,5,6,7,8,9}))+((D44/F44)^G44/FACT(G44)/(1-H44)))/(G44*F44-D44),"—") -> — | K44: =IF(ISNUMBER(J44),(1+Assumptions!$B$22^2)/2*J44,"—") -> — | L44: ='Sim Data'!$F$39 -> 0 | M44: ='Sim Data'!$H$39 -> 1.462 | N44: =D44*L44 -> 0 | O44: =IF(MAX(M44,N44)<0.5,"both ≈ 0",IF(N44=0,"no new arrivals",M44/N44)) -> no new arrivals | P44: =IF(D44=0,"",IF(H44>=1,"No steady state: the line grows by about "&TEXT((D44-G44*F44)*10,"0")&" in 10 min",IF(ISNUMBER(O44),IF(ABS(O44-1)<=0.2,"Steady: Little's Law holds",IF(O44>1,"Draining a line left from earlier","Line still building")),"Hardly any line")))
A45: Today (no screens) | B45: Central CT | C45: 14:20 | D45: ='Sim Data'!$E$40 -> 0 | E45: ='Sim Data'!$G$40 -> 0 | F45: =IF(E45>0,1/E45,Assumptions!$B$21) -> 10 | G45: =Assumptions!$B$20 -> 2 | H45: =D45/(G45*F45) -> 0 | I45: =IF(D45=0,"no arrivals",IF(H45<0.85,"stable",IF(H45<1,"near capacity","over capacity"))) -> no arrivals | J45: =IF(AND(D45>0,H45<1),((D45/F45)^G45/FACT(G45)/(1-H45))/(SUMPRODUCT(--({0,1,2,3,4,5,6,7,8,9}<G45),(D45/F45)^{0,1,2,3,4,5,6,7,8,9}/FACT({0,1,2,3,4,5,6,7,8,9}))+((D45/F45)^G45/FACT(G45)/(1-H45)))/(G45*F45-D45),"—") -> — | K45: =IF(ISNUMBER(J45),(1+Assumptions!$B$22^2)/2*J45,"—") -> — | L45: ='Sim Data'!$F$40 -> 0 | M45: ='Sim Data'!$H$40 -> 0 | N45: =D45*L45 -> 0 | O45: =IF(MAX(M45,N45)<0.5,"both ≈ 0",IF(N45=0,"no new arrivals",M45/N45)) -> both ≈ 0 | P45: =IF(D45=0,"",IF(H45>=1,"No steady state: the line grows by about "&TEXT((D45-G45*F45)*10,"0")&" in 10 min",IF(ISNUMBER(O45),IF(ABS(O45-1)<=0.2,"Steady: Little's Law holds",IF(O45>1,"Draining a line left from earlier","Line still building")),"Hardly any line")))
A46: Today (no screens) | B46: Munch Mess | C46: 11:30 | D46: ='Sim Data'!$E$113 -> 0 | E46: ='Sim Data'!$G$113 -> 0 | F46: =IF(E46>0,1/E46,Assumptions!$B$21) -> 10 | G46: =Assumptions!$B$20 -> 2 | H46: =D46/(G46*F46) -> 0 | I46: =IF(D46=0,"no arrivals",IF(H46<0.85,"stable",IF(H46<1,"near capacity","over capacity"))) -> no arrivals | J46: =IF(AND(D46>0,H46<1),((D46/F46)^G46/FACT(G46)/(1-H46))/(SUMPRODUCT(--({0,1,2,3,4,5,6,7,8,9}<G46),(D46/F46)^{0,1,2,3,4,5,6,7,8,9}/FACT({0,1,2,3,4,5,6,7,8,9}))+((D46/F46)^G46/FACT(G46)/(1-H46)))/(G46*F46-D46),"—") -> — | K46: =IF(ISNUMBER(J46),(1+Assumptions!$B$22^2)/2*J46,"—") -> — | L46: ='Sim Data'!$F$113 -> 0 | M46: ='Sim Data'!$H$113 -> 0 | N46: =D46*L46 -> 0 | O46: =IF(MAX(M46,N46)<0.5,"both ≈ 0",IF(N46=0,"no new arrivals",M46/N46)) -> both ≈ 0 | P46: =IF(D46=0,"",IF(H46>=1,"No steady state: the line grows by about "&TEXT((D46-G46*F46)*10,"0")&" in 10 min",IF(ISNUMBER(O46),IF(ABS(O46-1)<=0.2,"Steady: Little's Law holds",IF(O46>1,"Draining a line left from earlier","Line still building")),"Hardly any line")))
A47: Today (no screens) | B47: Munch Mess | C47: 11:40 | D47: ='Sim Data'!$E$114 -> 0 | E47: ='Sim Data'!$G$114 -> 0 | F47: =IF(E47>0,1/E47,Assumptions!$B$21) -> 10 | G47: =Assumptions!$B$20 -> 2 | H47: =D47/(G47*F47) -> 0 | I47: =IF(D47=0,"no arrivals",IF(H47<0.85,"stable",IF(H47<1,"near capacity","over capacity"))) -> no arrivals | J47: =IF(AND(D47>0,H47<1),((D47/F47)^G47/FACT(G47)/(1-H47))/(SUMPRODUCT(--({0,1,2,3,4,5,6,7,8,9}<G47),(D47/F47)^{0,1,2,3,4,5,6,7,8,9}/FACT({0,1,2,3,4,5,6,7,8,9}))+((D47/F47)^G47/FACT(G47)/(1-H47)))/(G47*F47-D47),"—") -> — | K47: =IF(ISNUMBER(J47),(1+Assumptions!$B$22^2)/2*J47,"—") -> — | L47: ='Sim Data'!$F$114 -> 0 | M47: ='Sim Data'!$H$114 -> 0 | N47: =D47*L47 -> 0 | O47: =IF(MAX(M47,N47)<0.5,"both ≈ 0",IF(N47=0,"no new arrivals",M47/N47)) -> both ≈ 0 | P47: =IF(D47=0,"",IF(H47>=1,"No steady state: the line grows by about "&TEXT((D47-G47*F47)*10,"0")&" in 10 min",IF(ISNUMBER(O47),IF(ABS(O47-1)<=0.2,"Steady: Little's Law holds",IF(O47>1,"Draining a line left from earlier","Line still building")),"Hardly any line")))
A48: Today (no screens) | B48: Munch Mess | C48: 11:50 | D48: ='Sim Data'!$E$115 -> 0 | E48: ='Sim Data'!$G$115 -> 0 | F48: =IF(E48>0,1/E48,Assumptions!$B$21) -> 10 | G48: =Assumptions!$B$20 -> 2 | H48: =D48/(G48*F48) -> 0 | I48: =IF(D48=0,"no arrivals",IF(H48<0.85,"stable",IF(H48<1,"near capacity","over capacity"))) -> no arrivals | J48: =IF(AND(D48>0,H48<1),((D48/F48)^G48/FACT(G48)/(1-H48))/(SUMPRODUCT(--({0,1,2,3,4,5,6,7,8,9}<G48),(D48/F48)^{0,1,2,3,4,5,6,7,8,9}/FACT({0,1,2,3,4,5,6,7,8,9}))+((D48/F48)^G48/FACT(G48)/(1-H48)))/(G48*F48-D48),"—") -> — | K48: =IF(ISNUMBER(J48),(1+Assumptions!$B$22^2)/2*J48,"—") -> — | L48: ='Sim Data'!$F$115 -> 0 | M48: ='Sim Data'!$H$115 -> 0 | N48: =D48*L48 -> 0 | O48: =IF(MAX(M48,N48)<0.5,"both ≈ 0",IF(N48=0,"no new arrivals",M48/N48)) -> both ≈ 0 | P48: =IF(D48=0,"",IF(H48>=1,"No steady state: the line grows by about "&TEXT((D48-G48*F48)*10,"0")&" in 10 min",IF(ISNUMBER(O48),IF(ABS(O48-1)<=0.2,"Steady: Little's Law holds",IF(O48>1,"Draining a line left from earlier","Line still building")),"Hardly any line")))
A49: Today (no screens) | B49: Munch Mess | C49: 12:00 | D49: ='Sim Data'!$E$116 -> 3.655 | E49: ='Sim Data'!$G$116 -> 0.0953 | F49: =IF(E49>0,1/E49,Assumptions!$B$21) -> 10.493179 | G49: =Assumptions!$B$20 -> 2 | H49: =D49/(G49*F49) -> 0.17416075 | I49: =IF(D49=0,"no arrivals",IF(H49<0.85,"stable",IF(H49<1,"near capacity","over capacity"))) -> stable | J49: =IF(AND(D49>0,H49<1),((D49/F49)^G49/FACT(G49)/(1-H49))/(SUMPRODUCT(--({0,1,2,3,4,5,6,7,8,9}<G49),(D49/F49)^{0,1,2,3,4,5,6,7,8,9}/FACT({0,1,2,3,4,5,6,7,8,9}))+((D49/F49)^G49/FACT(G49)/(1-H49)))/(G49*F49-D49),"—") -> 0.0029810578 | K49: =IF(ISNUMBER(J49),(1+Assumptions!$B$22^2)/2*J49,"—") -> 0.0020271193 | L49: ='Sim Data'!$F$116 -> 0.0021 | M49: ='Sim Data'!$H$116 -> 0.0077 | N49: =D49*L49 -> 0.0076755 | O49: =IF(MAX(M49,N49)<0.5,"both ≈ 0",IF(N49=0,"no new arrivals",M49/N49)) -> both ≈ 0 | P49: =IF(D49=0,"",IF(H49>=1,"No steady state: the line grows by about "&TEXT((D49-G49*F49)*10,"0")&" in 10 min",IF(ISNUMBER(O49),IF(ABS(O49-1)<=0.2,"Steady: Little's Law holds",IF(O49>1,"Draining a line left from earlier","Line still building")),"Hardly any line"))) -> Hardly any line
A50: Today (no screens) | B50: Munch Mess | C50: 12:10 | D50: ='Sim Data'!$E$117 -> 4.545 | E50: ='Sim Data'!$G$117 -> 0.0984 | F50: =IF(E50>0,1/E50,Assumptions!$B$21) -> 10.162602 | G50: =Assumptions!$B$20 -> 2 | H50: =D50/(G50*F50) -> 0.223614 | I50: =IF(D50=0,"no arrivals",IF(H50<0.85,"stable",IF(H50<1,"near capacity","over capacity"))) -> stable | J50: =IF(AND(D50>0,H50<1),((D50/F50)^G50/FACT(G50)/(1-H50))/(SUMPRODUCT(--({0,1,2,3,4,5,6,7,8,9}<G50),(D50/F50)^{0,1,2,3,4,5,6,7,8,9}/FACT({0,1,2,3,4,5,6,7,8,9}))+((D50/F50)^G50/FACT(G50)/(1-H50)))/(G50*F50-D50),"—") -> 0.0051792986 | K50: =IF(ISNUMBER(J50),(1+Assumptions!$B$22^2)/2*J50,"—") -> 0.003521923 | L50: ='Sim Data'!$F$117 -> 0.0034 | M50: ='Sim Data'!$H$117 -> 0.0154 | N50: =D50*L50 -> 0.015453 | O50: =IF(MAX(M50,N50)<0.5,"both ≈ 0",IF(N50=0,"no new arrivals",M50/N50)) -> both ≈ 0 | P50: =IF(D50=0,"",IF(H50>=1,"No steady state: the line grows by about "&TEXT((D50-G50*F50)*10,"0")&" in 10 min",IF(ISNUMBER(O50),IF(ABS(O50-1)<=0.2,"Steady: Little's Law holds",IF(O50>1,"Draining a line left from earlier","Line still building")),"Hardly any line"))) -> Hardly any line
A51: Today (no screens) | B51: Munch Mess | C51: 12:20 | D51: ='Sim Data'!$E$118 -> 4.805 | E51: ='Sim Data'!$G$118 -> 0.1 | F51: =IF(E51>0,1/E51,Assumptions!$B$21) -> 10 | G51: =Assumptions!$B$20 -> 2 | H51: =D51/(G51*F51) -> 0.24025 | I51: =IF(D51=0,"no arrivals",IF(H51<0.85,"stable",IF(H51<1,"near capacity","over capacity"))) -> stable | J51: =IF(AND(D51>0,H51<1),((D51/F51)^G51/FACT(G51)/(1-H51))/(SUMPRODUCT(--({0,1,2,3,4,5,6,7,8,9}<G51),(D51/F51)^{0,1,2,3,4,5,6,7,8,9}/FACT({0,1,2,3,4,5,6,7,8,9}))+((D51/F51)^G51/FACT(G51)/(1-H51)))/(G51*F51-D51),"—") -> 0.0061255748 | K51: =IF(ISNUMBER(J51),(1+Assumptions!$B$22^2)/2*J51,"—") -> 0.0041653909 | L51: ='Sim Data'!$F$118 -> 0.0057 | M51: ='Sim Data'!$H$118 -> 0.0275 | N51: =D51*L51 -> 0.0273885 | O51: =IF(MAX(M51,N51)<0.5,"both ≈ 0",IF(N51=0,"no new arrivals",M51/N51)) -> both ≈ 0 | P51: =IF(D51=0,"",IF(H51>=1,"No steady state: the line grows by about "&TEXT((D51-G51*F51)*10,"0")&" in 10 min",IF(ISNUMBER(O51),IF(ABS(O51-1)<=0.2,"Steady: Little's Law holds",IF(O51>1,"Draining a line left from earlier","Line still building")),"Hardly any line"))) -> Hardly any line
A52: Today (no screens) | B52: Munch Mess | C52: 12:30 | D52: ='Sim Data'!$E$119 -> 5.65 | E52: ='Sim Data'!$G$119 -> 0.099 | F52: =IF(E52>0,1/E52,Assumptions!$B$21) -> 10.10101 | G52: =Assumptions!$B$20 -> 2 | H52: =D52/(G52*F52) -> 0.279675 | I52: =IF(D52=0,"no arrivals",IF(H52<0.85,"stable",IF(H52<1,"near capacity","over capacity"))) -> stable | J52: =IF(AND(D52>0,H52<1),((D52/F52)^G52/FACT(G52)/(1-H52))/(SUMPRODUCT(--({0,1,2,3,4,5,6,7,8,9}<G52),(D52/F52)^{0,1,2,3,4,5,6,7,8,9}/FACT({0,1,2,3,4,5,6,7,8,9}))+((D52/F52)^G52/FACT(G52)/(1-H52)))/(G52*F52-D52),"—") -> 0.0084006775 | K52: =IF(ISNUMBER(J52),(1+Assumptions!$B$22^2)/2*J52,"—") -> 0.0057124607 | L52: ='Sim Data'!$F$119 -> 0.0094 | M52: ='Sim Data'!$H$119 -> 0.0529 | N52: =D52*L52 -> 0.05311 | O52: =IF(MAX(M52,N52)<0.5,"both ≈ 0",IF(N52=0,"no new arrivals",M52/N52)) -> both ≈ 0 | P52: =IF(D52=0,"",IF(H52>=1,"No steady state: the line grows by about "&TEXT((D52-G52*F52)*10,"0")&" in 10 min",IF(ISNUMBER(O52),IF(ABS(O52-1)<=0.2,"Steady: Little's Law holds",IF(O52>1,"Draining a line left from earlier","Line still building")),"Hardly any line"))) -> Hardly any line
A53: Today (no screens) | B53: Munch Mess | C53: 12:40 | D53: ='Sim Data'!$E$120 -> 5.43 | E53: ='Sim Data'!$G$120 -> 0.1005 | F53: =IF(E53>0,1/E53,Assumptions!$B$21) -> 9.9502488 | G53: =Assumptions!$B$20 -> 2 | H53: =D53/(G53*F53) -> 0.2728575 | I53: =IF(D53=0,"no arrivals",IF(H53<0.85,"stable",IF(H53<1,"near capacity","over capacity"))) -> stable | J53: =IF(AND(D53>0,H53<1),((D53/F53)^G53/FACT(G53)/(1-H53))/(SUMPRODUCT(--({0,1,2,3,4,5,6,7,8,9}<G53),(D53/F53)^{0,1,2,3,4,5,6,7,8,9}/FACT({0,1,2,3,4,5,6,7,8,9}))+((D53/F53)^G53/FACT(G53)/(1-H53)))/(G53*F53-D53),"—") -> 0.0080842277 | K53: =IF(ISNUMBER(J53),(1+Assumptions!$B$22^2)/2*J53,"—") -> 0.0054972748 | L53: ='Sim Data'!$F$120 -> 0.0059 | M53: ='Sim Data'!$H$120 -> 0.0318 | N53: =D53*L53 -> 0.032037 | O53: =IF(MAX(M53,N53)<0.5,"both ≈ 0",IF(N53=0,"no new arrivals",M53/N53)) -> both ≈ 0 | P53: =IF(D53=0,"",IF(H53>=1,"No steady state: the line grows by about "&TEXT((D53-G53*F53)*10,"0")&" in 10 min",IF(ISNUMBER(O53),IF(ABS(O53-1)<=0.2,"Steady: Little's Law holds",IF(O53>1,"Draining a line left from earlier","Line still building")),"Hardly any line"))) -> Hardly any line
A54: Today (no screens) | B54: Munch Mess | C54: 12:50 | D54: ='Sim Data'!$E$121 -> 4.37 | E54: ='Sim Data'!$G$121 -> 0.0996 | F54: =IF(E54>0,1/E54,Assumptions!$B$21) -> 10.040161 | G54: =Assumptions!$B$20 -> 2 | H54: =D54/(G54*F54) -> 0.217626 | I54: =IF(D54=0,"no arrivals",IF(H54<0.85,"stable",IF(H54<1,"near capacity","over capacity"))) -> stable | J54: =IF(AND(D54>0,H54<1),((D54/F54)^G54/FACT(G54)/(1-H54))/(SUMPRODUCT(--({0,1,2,3,4,5,6,7,8,9}<G54),(D54/F54)^{0,1,2,3,4,5,6,7,8,9}/FACT({0,1,2,3,4,5,6,7,8,9}))+((D54/F54)^G54/FACT(G54)/(1-H54)))/(G54*F54-D54),"—") -> 0.0049516801 | K54: =IF(ISNUMBER(J54),(1+Assumptions!$B$22^2)/2*J54,"—") -> 0.0033671424 | L54: ='Sim Data'!$F$121 -> 0.0033 | M54: ='Sim Data'!$H$121 -> 0.0142 | N54: =D54*L54 -> 0.014421 | O54: =IF(MAX(M54,N54)<0.5,"both ≈ 0",IF(N54=0,"no new arrivals",M54/N54)) -> both ≈ 0 | P54: =IF(D54=0,"",IF(H54>=1,"No steady state: the line grows by about "&TEXT((D54-G54*F54)*10,"0")&" in 10 min",IF(ISNUMBER(O54),IF(ABS(O54-1)<=0.2,"Steady: Little's Law holds",IF(O54>1,"Draining a line left from earlier","Line still building")),"Hardly any line"))) -> Hardly any line
A55: Today (no screens) | B55: Munch Mess | C55: 13:00 | D55: ='Sim Data'!$E$122 -> 5.5 | E55: ='Sim Data'!$G$122 -> 0.102 | F55: =IF(E55>0,1/E55,Assumptions!$B$21) -> 9.8039216 | G55: =Assumptions!$B$20 -> 2 | H55: =D55/(G55*F55) -> 0.2805 | I55: =IF(D55=0,"no arrivals",IF(H55<0.85,"stable",IF(H55<1,"near capacity","over capacity"))) -> stable | J55: =IF(AND(D55>0,H55<1),((D55/F55)^G55/FACT(G55)/(1-H55))/(SUMPRODUCT(--({0,1,2,3,4,5,6,7,8,9}<G55),(D55/F55)^{0,1,2,3,4,5,6,7,8,9}/FACT({0,1,2,3,4,5,6,7,8,9}))+((D55/F55)^G55/FACT(G55)/(1-H55)))/(G55*F55-D55),"—") -> 0.0087107494 | K55: =IF(ISNUMBER(J55),(1+Assumptions!$B$22^2)/2*J55,"—") -> 0.0059233096 | L55: ='Sim Data'!$F$122 -> 0.0061 | M55: ='Sim Data'!$H$122 -> 0.0333 | N55: =D55*L55 -> 0.03355 | O55: =IF(MAX(M55,N55)<0.5,"both ≈ 0",IF(N55=0,"no new arrivals",M55/N55)) -> both ≈ 0 | P55: =IF(D55=0,"",IF(H55>=1,"No steady state: the line grows by about "&TEXT((D55-G55*F55)*10,"0")&" in 10 min",IF(ISNUMBER(O55),IF(ABS(O55-1)<=0.2,"Steady: Little's Law holds",IF(O55>1,"Draining a line left from earlier","Line still building")),"Hardly any line"))) -> Hardly any line
A56: Today (no screens) | B56: Munch Mess | C56: 13:10 | D56: ='Sim Data'!$E$123 -> 7.5 | E56: ='Sim Data'!$G$123 -> 0.1016 | F56: =IF(E56>0,1/E56,Assumptions!$B$21) -> 9.8425197 | G56: =Assumptions!$B$20 -> 2 | H56: =D56/(G56*F56) -> 0.381 | I56: =IF(D56=0,"no arrivals",IF(H56<0.85,"stable",IF(H56<1,"near capacity","over capacity"))) -> stable | J56: =IF(AND(D56>0,H56<1),((D56/F56)^G56/FACT(G56)/(1-H56))/(SUMPRODUCT(--({0,1,2,3,4,5,6,7,8,9}<G56),(D56/F56)^{0,1,2,3,4,5,6,7,8,9}/FACT({0,1,2,3,4,5,6,7,8,9}))+((D56/F56)^G56/FACT(G56)/(1-H56)))/(G56*F56-D56),"—") -> 0.01725279 | K56: =IF(ISNUMBER(J56),(1+Assumptions!$B$22^2)/2*J56,"—") -> 0.011731897 | L56: ='Sim Data'!$F$123 -> 0.0121 | M56: ='Sim Data'!$H$123 -> 0.0907 | N56: =D56*L56 -> 0.09075 | O56: =IF(MAX(M56,N56)<0.5,"both ≈ 0",IF(N56=0,"no new arrivals",M56/N56)) -> both ≈ 0 | P56: =IF(D56=0,"",IF(H56>=1,"No steady state: the line grows by about "&TEXT((D56-G56*F56)*10,"0")&" in 10 min",IF(ISNUMBER(O56),IF(ABS(O56-1)<=0.2,"Steady: Little's Law holds",IF(O56>1,"Draining a line left from earlier","Line still building")),"Hardly any line"))) -> Hardly any line
A57: Today (no screens) | B57: Munch Mess | C57: 13:20 | D57: ='Sim Data'!$E$124 -> 7.44 | E57: ='Sim Data'!$G$124 -> 0.0979 | F57: =IF(E57>0,1/E57,Assumptions!$B$21) -> 10.214505 | G57: =Assumptions!$B$20 -> 2 | H57: =D57/(G57*F57) -> 0.364188 | I57: =IF(D57=0,"no arrivals",IF(H57<0.85,"stable",IF(H57<1,"near capacity","over capacity"))) -> stable | J57: =IF(AND(D57>0,H57<1),((D57/F57)^G57/FACT(G57)/(1-H57))/(SUMPRODUCT(--({0,1,2,3,4,5,6,7,8,9}<G57),(D57/F57)^{0,1,2,3,4,5,6,7,8,9}/FACT({0,1,2,3,4,5,6,7,8,9}))+((D57/F57)^G57/FACT(G57)/(1-H57)))/(G57*F57-D57),"—") -> 0.014970317 | K57: =IF(ISNUMBER(J57),(1+Assumptions!$B$22^2)/2*J57,"—") -> 0.010179816 | L57: ='Sim Data'!$F$124 -> 0.0093 | M57: ='Sim Data'!$H$124 -> 0.0689 | N57: =D57*L57 -> 0.069192 | O57: =IF(MAX(M57,N57)<0.5,"both ≈ 0",IF(N57=0,"no new arrivals",M57/N57)) -> both ≈ 0 | P57: =IF(D57=0,"",IF(H57>=1,"No steady state: the line grows by about "&TEXT((D57-G57*F57)*10,"0")&" in 10 min",IF(ISNUMBER(O57),IF(ABS(O57-1)<=0.2,"Steady: Little's Law holds",IF(O57>1,"Draining a line left from earlier","Line still building")),"Hardly any line"))) -> Hardly any line
A58: Today (no screens) | B58: Munch Mess | C58: 13:30 | D58: ='Sim Data'!$E$125 -> 5.375 | E58: ='Sim Data'!$G$125 -> 0.0979 | F58: =IF(E58>0,1/E58,Assumptions!$B$21) -> 10.214505 | G58: =Assumptions!$B$20 -> 2 | H58: =D58/(G58*F58) -> 0.26310625 | I58: =IF(D58=0,"no arrivals",IF(H58<0.85,"stable",IF(H58<1,"near capacity","over capacity"))) -> stable | J58: =IF(AND(D58>0,H58<1),((D58/F58)^G58/FACT(G58)/(1-H58))/(SUMPRODUCT(--({0,1,2,3,4,5,6,7,8,9}<G58),(D58/F58)^{0,1,2,3,4,5,6,7,8,9}/FACT({0,1,2,3,4,5,6,7,8,9}))+((D58/F58)^G58/FACT(G58)/(1-H58)))/(G58*F58-D58),"—") -> 0.0072811548 | K58: =IF(ISNUMBER(J58),(1+Assumptions!$B$22^2)/2*J58,"—") -> 0.0049511853 | L58: ='Sim Data'!$F$125 -> 0.005 | M58: ='Sim Data'!$H$125 -> 0.0273 | N58: =D58*L58 -> 0.026875 | O58: =IF(MAX(M58,N58)<0.5,"both ≈ 0",IF(N58=0,"no new arrivals",M58/N58)) -> both ≈ 0 | P58: =IF(D58=0,"",IF(H58>=1,"No steady state: the line grows by about "&TEXT((D58-G58*F58)*10,"0")&" in 10 min",IF(ISNUMBER(O58),IF(ABS(O58-1)<=0.2,"Steady: Little's Law holds",IF(O58>1,"Draining a line left from earlier","Line still building")),"Hardly any line"))) -> Hardly any line
A59: Today (no screens) | B59: Munch Mess | C59: 13:40 | D59: ='Sim Data'!$E$126 -> 3.64 | E59: ='Sim Data'!$G$126 -> 0.1004 | F59: =IF(E59>0,1/E59,Assumptions!$B$21) -> 9.9601594 | G59: =Assumptions!$B$20 -> 2 | H59: =D59/(G59*F59) -> 0.182728 | I59: =IF(D59=0,"no arrivals",IF(H59<0.85,"stable",IF(H59<1,"near capacity","over capacity"))) -> stable | J59: =IF(AND(D59>0,H59<1),((D59/F59)^G59/FACT(G59)/(1-H59))/(SUMPRODUCT(--({0,1,2,3,4,5,6,7,8,9}<G59),(D59/F59)^{0,1,2,3,4,5,6,7,8,9}/FACT({0,1,2,3,4,5,6,7,8,9}))+((D59/F59)^G59/FACT(G59)/(1-H59)))/(G59*F59-D59),"—") -> 0.0034681064 | K59: =IF(ISNUMBER(J59),(1+Assumptions!$B$22^2)/2*J59,"—") -> 0.0023583124 | L59: ='Sim Data'!$F$126 -> 0.0018 | M59: ='Sim Data'!$H$126 -> 0.0067 | N59: =D59*L59 -> 0.006552 | O59: =IF(MAX(M59,N59)<0.5,"both ≈ 0",IF(N59=0,"no new arrivals",M59/N59)) -> both ≈ 0 | P59: =IF(D59=0,"",IF(H59>=1,"No steady state: the line grows by about "&TEXT((D59-G59*F59)*10,"0")&" in 10 min",IF(ISNUMBER(O59),IF(ABS(O59-1)<=0.2,"Steady: Little's Law holds",IF(O59>1,"Draining a line left from earlier","Line still building")),"Hardly any line"))) -> Hardly any line
A60: Today (no screens) | B60: Munch Mess | C60: 13:50 | D60: ='Sim Data'!$E$127 -> 1.88 | E60: ='Sim Data'!$G$127 -> 0.099 | F60: =IF(E60>0,1/E60,Assumptions!$B$21) -> 10.10101 | G60: =Assumptions!$B$20 -> 2 | H60: =D60/(G60*F60) -> 0.09306 | I60: =IF(D60=0,"no arrivals",IF(H60<0.85,"stable",IF(H60<1,"near capacity","over capacity"))) -> stable | J60: =IF(AND(D60>0,H60<1),((D60/F60)^G60/FACT(G60)/(1-H60))/(SUMPRODUCT(--({0,1,2,3,4,5,6,7,8,9}<G60),(D60/F60)^{0,1,2,3,4,5,6,7,8,9}/FACT({0,1,2,3,4,5,6,7,8,9}))+((D60/F60)^G60/FACT(G60)/(1-H60)))/(G60*F60-D60),"—") -> 0.0008648459 | K60: =IF(ISNUMBER(J60),(1+Assumptions!$B$22^2)/2*J60,"—") -> 0.00058809521 | L60: ='Sim Data'!$F$127 -> 0.0007 | M60: ='Sim Data'!$H$127 -> 0.0012 | N60: =D60*L60 -> 0.001316 | O60: =IF(MAX(M60,N60)<0.5,"both ≈ 0",IF(N60=0,"no new arrivals",M60/N60)) -> both ≈ 0 | P60: =IF(D60=0,"",IF(H60>=1,"No steady state: the line grows by about "&TEXT((D60-G60*F60)*10,"0")&" in 10 min",IF(ISNUMBER(O60),IF(ABS(O60-1)<=0.2,"Steady: Little's Law holds",IF(O60>1,"Draining a line left from earlier","Line still building")),"Hardly any line"))) -> Hardly any line
A61: Today (no screens) | B61: Munch Mess | C61: 14:00 | D61: ='Sim Data'!$E$128 -> 0.075 | E61: ='Sim Data'!$G$128 -> 0.0891 | F61: =IF(E61>0,1/E61,Assumptions!$B$21) -> 11.223345 | G61: =Assumptions!$B$20 -> 2 | H61: =D61/(G61*F61) -> 0.00334125 | I61: =IF(D61=0,"no arrivals",IF(H61<0.85,"stable",IF(H61<1,"near capacity","over capacity"))) -> stable | J61: =IF(AND(D61>0,H61<1),((D61/F61)^G61/FACT(G61)/(1-H61))/(SUMPRODUCT(--({0,1,2,3,4,5,6,7,8,9}<G61),(D61/F61)^{0,1,2,3,4,5,6,7,8,9}/FACT({0,1,2,3,4,5,6,7,8,9}))+((D61/F61)^G61/FACT(G61)/(1-H61)))/(G61*F61-D61),"—") -> 9.9471919e-07 | K61: =IF(ISNUMBER(J61),(1+Assumptions!$B$22^2)/2*J61,"—") -> 6.7640905e-07 | L61: ='Sim Data'!$F$128 -> 0 | M61: ='Sim Data'!$H$128 -> 0 | N61: =D61*L61 -> 0 | O61: =IF(MAX(M61,N61)<0.5,"both ≈ 0",IF(N61=0,"no new arrivals",M61/N61)) -> both ≈ 0 | P61: =IF(D61=0,"",IF(H61>=1,"No steady state: the line grows by about "&TEXT((D61-G61*F61)*10,"0")&" in 10 min",IF(ISNUMBER(O61),IF(ABS(O61-1)<=0.2,"Steady: Little's Law holds",IF(O61>1,"Draining a line left from earlier","Line still building")),"Hardly any line"))) -> Hardly any line
A62: Today (no screens) | B62: Munch Mess | C62: 14:10 | D62: ='Sim Data'!$E$129 -> 0 | E62: ='Sim Data'!$G$129 -> 0 | F62: =IF(E62>0,1/E62,Assumptions!$B$21) -> 10 | G62: =Assumptions!$B$20 -> 2 | H62: =D62/(G62*F62) -> 0 | I62: =IF(D62=0,"no arrivals",IF(H62<0.85,"stable",IF(H62<1,"near capacity","over capacity"))) -> no arrivals | J62: =IF(AND(D62>0,H62<1),((D62/F62)^G62/FACT(G62)/(1-H62))/(SUMPRODUCT(--({0,1,2,3,4,5,6,7,8,9}<G62),(D62/F62)^{0,1,2,3,4,5,6,7,8,9}/FACT({0,1,2,3,4,5,6,7,8,9}))+((D62/F62)^G62/FACT(G62)/(1-H62)))/(G62*F62-D62),"—") -> — | K62: =IF(ISNUMBER(J62),(1+Assumptions!$B$22^2)/2*J62,"—") -> — | L62: ='Sim Data'!$F$129 -> 0 | M62: ='Sim Data'!$H$129 -> 0 | N62: =D62*L62 -> 0 | O62: =IF(MAX(M62,N62)<0.5,"both ≈ 0",IF(N62=0,"no new arrivals",M62/N62)) -> both ≈ 0 | P62: =IF(D62=0,"",IF(H62>=1,"No steady state: the line grows by about "&TEXT((D62-G62*F62)*10,"0")&" in 10 min",IF(ISNUMBER(O62),IF(ABS(O62-1)<=0.2,"Steady: Little's Law holds",IF(O62>1,"Draining a line left from earlier","Line still building")),"Hardly any line")))
A63: Today (no screens) | B63: Munch Mess | C63: 14:20 | D63: ='Sim Data'!$E$130 -> 0 | E63: ='Sim Data'!$G$130 -> 0 | F63: =IF(E63>0,1/E63,Assumptions!$B$21) -> 10 | G63: =Assumptions!$B$20 -> 2 | H63: =D63/(G63*F63) -> 0 | I63: =IF(D63=0,"no arrivals",IF(H63<0.85,"stable",IF(H63<1,"near capacity","over capacity"))) -> no arrivals | J63: =IF(AND(D63>0,H63<1),((D63/F63)^G63/FACT(G63)/(1-H63))/(SUMPRODUCT(--({0,1,2,3,4,5,6,7,8,9}<G63),(D63/F63)^{0,1,2,3,4,5,6,7,8,9}/FACT({0,1,2,3,4,5,6,7,8,9}))+((D63/F63)^G63/FACT(G63)/(1-H63)))/(G63*F63-D63),"—") -> — | K63: =IF(ISNUMBER(J63),(1+Assumptions!$B$22^2)/2*J63,"—") -> — | L63: ='Sim Data'!$F$130 -> 0 | M63: ='Sim Data'!$H$130 -> 0 | N63: =D63*L63 -> 0 | O63: =IF(MAX(M63,N63)<0.5,"both ≈ 0",IF(N63=0,"no new arrivals",M63/N63)) -> both ≈ 0 | P63: =IF(D63=0,"",IF(H63>=1,"No steady state: the line grows by about "&TEXT((D63-G63*F63)*10,"0")&" in 10 min",IF(ISNUMBER(O63),IF(ABS(O63-1)<=0.2,"Steady: Little's Law holds",IF(O63>1,"Draining a line left from earlier","Line still building")),"Hardly any line")))
A64: With Smart Scan screens | B64: Central CT | C64: 11:30 | D64: ='Sim Data'!$E$203 -> 0 | E64: ='Sim Data'!$G$203 -> 0 | F64: =IF(E64>0,1/E64,Assumptions!$B$21) -> 10 | G64: =Assumptions!$B$20 -> 2 | H64: =D64/(G64*F64) -> 0 | I64: =IF(D64=0,"no arrivals",IF(H64<0.85,"stable",IF(H64<1,"near capacity","over capacity"))) -> no arrivals | J64: =IF(AND(D64>0,H64<1),((D64/F64)^G64/FACT(G64)/(1-H64))/(SUMPRODUCT(--({0,1,2,3,4,5,6,7,8,9}<G64),(D64/F64)^{0,1,2,3,4,5,6,7,8,9}/FACT({0,1,2,3,4,5,6,7,8,9}))+((D64/F64)^G64/FACT(G64)/(1-H64)))/(G64*F64-D64),"—") -> — | K64: =IF(ISNUMBER(J64),(1+Assumptions!$B$22^2)/2*J64,"—") -> — | L64: ='Sim Data'!$F$203 -> 0 | M64: ='Sim Data'!$H$203 -> 0 | N64: =D64*L64 -> 0 | O64: =IF(MAX(M64,N64)<0.5,"both ≈ 0",IF(N64=0,"no new arrivals",M64/N64)) -> both ≈ 0 | P64: =IF(D64=0,"",IF(H64>=1,"No steady state: the line grows by about "&TEXT((D64-G64*F64)*10,"0")&" in 10 min",IF(ISNUMBER(O64),IF(ABS(O64-1)<=0.2,"Steady: Little's Law holds",IF(O64>1,"Draining a line left from earlier","Line still building")),"Hardly any line")))
A65: With Smart Scan screens | B65: Central CT | C65: 11:40 | D65: ='Sim Data'!$E$204 -> 0 | E65: ='Sim Data'!$G$204 -> 0 | F65: =IF(E65>0,1/E65,Assumptions!$B$21) -> 10 | G65: =Assumptions!$B$20 -> 2 | H65: =D65/(G65*F65) -> 0 | I65: =IF(D65=0,"no arrivals",IF(H65<0.85,"stable",IF(H65<1,"near capacity","over capacity"))) -> no arrivals | J65: =IF(AND(D65>0,H65<1),((D65/F65)^G65/FACT(G65)/(1-H65))/(SUMPRODUCT(--({0,1,2,3,4,5,6,7,8,9}<G65),(D65/F65)^{0,1,2,3,4,5,6,7,8,9}/FACT({0,1,2,3,4,5,6,7,8,9}))+((D65/F65)^G65/FACT(G65)/(1-H65)))/(G65*F65-D65),"—") -> — | K65: =IF(ISNUMBER(J65),(1+Assumptions!$B$22^2)/2*J65,"—") -> — | L65: ='Sim Data'!$F$204 -> 0 | M65: ='Sim Data'!$H$204 -> 0 | N65: =D65*L65 -> 0 | O65: =IF(MAX(M65,N65)<0.5,"both ≈ 0",IF(N65=0,"no new arrivals",M65/N65)) -> both ≈ 0 | P65: =IF(D65=0,"",IF(H65>=1,"No steady state: the line grows by about "&TEXT((D65-G65*F65)*10,"0")&" in 10 min",IF(ISNUMBER(O65),IF(ABS(O65-1)<=0.2,"Steady: Little's Law holds",IF(O65>1,"Draining a line left from earlier","Line still building")),"Hardly any line")))
A66: With Smart Scan screens | B66: Central CT | C66: 11:50 | D66: ='Sim Data'!$E$205 -> 0 | E66: ='Sim Data'!$G$205 -> 0 | F66: =IF(E66>0,1/E66,Assumptions!$B$21) -> 10 | G66: =Assumptions!$B$20 -> 2 | H66: =D66/(G66*F66) -> 0 | I66: =IF(D66=0,"no arrivals",IF(H66<0.85,"stable",IF(H66<1,"near capacity","over capacity"))) -> no arrivals | J66: =IF(AND(D66>0,H66<1),((D66/F66)^G66/FACT(G66)/(1-H66))/(SUMPRODUCT(--({0,1,2,3,4,5,6,7,8,9}<G66),(D66/F66)^{0,1,2,3,4,5,6,7,8,9}/FACT({0,1,2,3,4,5,6,7,8,9}))+((D66/F66)^G66/FACT(G66)/(1-H66)))/(G66*F66-D66),"—") -> — | K66: =IF(ISNUMBER(J66),(1+Assumptions!$B$22^2)/2*J66,"—") -> — | L66: ='Sim Data'!$F$205 -> 0 | M66: ='Sim Data'!$H$205 -> 0 | N66: =D66*L66 -> 0 | O66: =IF(MAX(M66,N66)<0.5,"both ≈ 0",IF(N66=0,"no new arrivals",M66/N66)) -> both ≈ 0 | P66: =IF(D66=0,"",IF(H66>=1,"No steady state: the line grows by about "&TEXT((D66-G66*F66)*10,"0")&" in 10 min",IF(ISNUMBER(O66),IF(ABS(O66-1)<=0.2,"Steady: Little's Law holds",IF(O66>1,"Draining a line left from earlier","Line still building")),"Hardly any line")))
A67: With Smart Scan screens | B67: Central CT | C67: 12:00 | D67: ='Sim Data'!$E$206 -> 13.485 | E67: ='Sim Data'!$G$206 -> 0.1019 | F67: =IF(E67>0,1/E67,Assumptions!$B$21) -> 9.8135427 | G67: =Assumptions!$B$20 -> 2 | H67: =D67/(G67*F67) -> 0.68706075 | I67: =IF(D67=0,"no arrivals",IF(H67<0.85,"stable",IF(H67<1,"near capacity","over capacity"))) -> stable | J67: =IF(AND(D67>0,H67<1),((D67/F67)^G67/FACT(G67)/(1-H67))/(SUMPRODUCT(--({0,1,2,3,4,5,6,7,8,9}<G67),(D67/F67)^{0,1,2,3,4,5,6,7,8,9}/FACT({0,1,2,3,4,5,6,7,8,9}))+((D67/F67)^G67/FACT(G67)/(1-H67)))/(G67*F67-D67),"—") -> 0.091111606 | K67: =IF(ISNUMBER(J67),(1+Assumptions!$B$22^2)/2*J67,"—") -> 0.061955892 | L67: ='Sim Data'!$F$206 -> 0.0857 | M67: ='Sim Data'!$H$206 -> 1.1129 | N67: =D67*L67 -> 1.1556645 | O67: =IF(MAX(M67,N67)<0.5,"both ≈ 0",IF(N67=0,"no new arrivals",M67/N67)) -> 0.96299575 | P67: =IF(D67=0,"",IF(H67>=1,"No steady state: the line grows by about "&TEXT((D67-G67*F67)*10,"0")&" in 10 min",IF(ISNUMBER(O67),IF(ABS(O67-1)<=0.2,"Steady: Little's Law holds",IF(O67>1,"Draining a line left from earlier","Line still building")),"Hardly any line"))) -> Steady: Little's Law holds
A68: With Smart Scan screens | B68: Central CT | C68: 12:10 | D68: ='Sim Data'!$E$207 -> 18.49 | E68: ='Sim Data'!$G$207 -> 0.1004 | F68: =IF(E68>0,1/E68,Assumptions!$B$21) -> 9.9601594 | G68: =Assumptions!$B$20 -> 2 | H68: =D68/(G68*F68) -> 0.928198 | I68: =IF(D68=0,"no arrivals",IF(H68<0.85,"stable",IF(H68<1,"near capacity","over capacity"))) -> near capacity | J68: =IF(AND(D68>0,H68<1),((D68/F68)^G68/FACT(G68)/(1-H68))/(SUMPRODUCT(--({0,1,2,3,4,5,6,7,8,9}<G68),(D68/F68)^{0,1,2,3,4,5,6,7,8,9}/FACT({0,1,2,3,4,5,6,7,8,9}))+((D68/F68)^G68/FACT(G68)/(1-H68)))/(G68*F68-D68),"—") -> 0.62477954 | K68: =IF(ISNUMBER(J68),(1+Assumptions!$B$22^2)/2*J68,"—") -> 0.42485009 | L68: ='Sim Data'!$F$207 -> 0.2595 | M68: ='Sim Data'!$H$207 -> 4.575 | N68: =D68*L68 -> 4.798155 | O68: =IF(MAX(M68,N68)<0.5,"both ≈ 0",IF(N68=0,"no new arrivals",M68/N68)) -> 0.9534915 | P68: =IF(D68=0,"",IF(H68>=1,"No steady state: the line grows by about "&TEXT((D68-G68*F68)*10,"0")&" in 10 min",IF(ISNUMBER(O68),IF(ABS(O68-1)<=0.2,"Steady: Little's Law holds",IF(O68>1,"Draining a line left from earlier","Line still building")),"Hardly any line"))) -> Steady: Little's Law holds
A69: With Smart Scan screens | B69: Central CT | C69: 12:20 | D69: ='Sim Data'!$E$208 -> 18.78 | E69: ='Sim Data'!$G$208 -> 0.1011 | F69: =IF(E69>0,1/E69,Assumptions!$B$21) -> 9.8911968 | G69: =Assumptions!$B$20 -> 2 | H69: =D69/(G69*F69) -> 0.949329 | I69: =IF(D69=0,"no arrivals",IF(H69<0.85,"stable",IF(H69<1,"near capacity","over capacity"))) -> near capacity | J69: =IF(AND(D69>0,H69<1),((D69/F69)^G69/FACT(G69)/(1-H69))/(SUMPRODUCT(--({0,1,2,3,4,5,6,7,8,9}<G69),(D69/F69)^{0,1,2,3,4,5,6,7,8,9}/FACT({0,1,2,3,4,5,6,7,8,9}))+((D69/F69)^G69/FACT(G69)/(1-H69)))/(G69*F69-D69),"—") -> 0.92244405 | K69: =IF(ISNUMBER(J69),(1+Assumptions!$B$22^2)/2*J69,"—") -> 0.62726195 | L69: ='Sim Data'!$F$208 -> 0.5683 | M69: ='Sim Data'!$H$208 -> 10.4922 | N69: =D69*L69 -> 10.672674 | O69: =IF(MAX(M69,N69)<0.5,"both ≈ 0",IF(N69=0,"no new arrivals",M69/N69)) -> 0.98309009 | P69: =IF(D69=0,"",IF(H69>=1,"No steady state: the line grows by about "&TEXT((D69-G69*F69)*10,"0")&" in 10 min",IF(ISNUMBER(O69),IF(ABS(O69-1)<=0.2,"Steady: Little's Law holds",IF(O69>1,"Draining a line left from earlier","Line still building")),"Hardly any line"))) -> Steady: Little's Law holds
A70: With Smart Scan screens | B70: Central CT | C70: 12:30 | D70: ='Sim Data'!$E$209 -> 21.315 | E70: ='Sim Data'!$G$209 -> 0.0997 | F70: =IF(E70>0,1/E70,Assumptions!$B$21) -> 10.03009 | G70: =Assumptions!$B$20 -> 2 | H70: =D70/(G70*F70) -> 1.0625528 | I70: =IF(D70=0,"no arrivals",IF(H70<0.85,"stable",IF(H70<1,"near capacity","over capacity"))) -> over capacity | J70: =IF(AND(D70>0,H70<1),((D70/F70)^G70/FACT(G70)/(1-H70))/(SUMPRODUCT(--({0,1,2,3,4,5,6,7,8,9}<G70),(D70/F70)^{0,1,2,3,4,5,6,7,8,9}/FACT({0,1,2,3,4,5,6,7,8,9}))+((D70/F70)^G70/FACT(G70)/(1-H70)))/(G70*F70-D70),"—") -> — | K70: =IF(ISNUMBER(J70),(1+Assumptions!$B$22^2)/2*J70,"—") -> — | L70: ='Sim Data'!$F$209 -> 0.9543 | M70: ='Sim Data'!$H$209 -> 18.8872 | N70: =D70*L70 -> 20.340905 | O70: =IF(MAX(M70,N70)<0.5,"both ≈ 0",IF(N70=0,"no new arrivals",M70/N70)) -> 0.92853295 | P70: =IF(D70=0,"",IF(H70>=1,"No steady state: the line grows by about "&TEXT((D70-G70*F70)*10,"0")&" in 10 min",IF(ISNUMBER(O70),IF(ABS(O70-1)<=0.2,"Steady: Little's Law holds",IF(O70>1,"Draining a line left from earlier","Line still building")),"Hardly any line"))) -> No steady state: the line grows by about 13 in 10 min
A71: With Smart Scan screens | B71: Central CT | C71: 12:40 | D71: ='Sim Data'!$E$210 -> 19.125 | E71: ='Sim Data'!$G$210 -> 0.0986 | F71: =IF(E71>0,1/E71,Assumptions!$B$21) -> 10.141988 | G71: =Assumptions!$B$20 -> 2 | H71: =D71/(G71*F71) -> 0.9428625 | I71: =IF(D71=0,"no arrivals",IF(H71<0.85,"stable",IF(H71<1,"near capacity","over capacity"))) -> near capacity | J71: =IF(AND(D71>0,H71<1),((D71/F71)^G71/FACT(G71)/(1-H71))/(SUMPRODUCT(--({0,1,2,3,4,5,6,7,8,9}<G71),(D71/F71)^{0,1,2,3,4,5,6,7,8,9}/FACT({0,1,2,3,4,5,6,7,8,9}))+((D71/F71)^G71/FACT(G71)/(1-H71)))/(G71*F71-D71),"—") -> 0.78960582 | K71: =IF(ISNUMBER(J71),(1+Assumptions!$B$22^2)/2*J71,"—") -> 0.53693196 | L71: ='Sim Data'!$F$210 -> 1.1538 | M71: ='Sim Data'!$H$210 -> 21.1498 | N71: =D71*L71 -> 22.066425 | O71: =IF(MAX(M71,N71)<0.5,"both ≈ 0",IF(N71=0,"no new arrivals",M71/N71)) -> 0.95846065 | P71: =IF(D71=0,"",IF(H71>=1,"No steady state: the line grows by about "&TEXT((D71-G71*F71)*10,"0")&" in 10 min",IF(ISNUMBER(O71),IF(ABS(O71-1)<=0.2,"Steady: Little's Law holds",IF(O71>1,"Draining a line left from earlier","Line still building")),"Hardly any line"))) -> Steady: Little's Law holds
A72: With Smart Scan screens | B72: Central CT | C72: 12:50 | D72: ='Sim Data'!$E$211 -> 16.135 | E72: ='Sim Data'!$G$211 -> 0.1004 | F72: =IF(E72>0,1/E72,Assumptions!$B$21) -> 9.9601594 | G72: =Assumptions!$B$20 -> 2 | H72: =D72/(G72*F72) -> 0.809977 | I72: =IF(D72=0,"no arrivals",IF(H72<0.85,"stable",IF(H72<1,"near capacity","over capacity"))) -> stable | J72: =IF(AND(D72>0,H72<1),((D72/F72)^G72/FACT(G72)/(1-H72))/(SUMPRODUCT(--({0,1,2,3,4,5,6,7,8,9}<G72),(D72/F72)^{0,1,2,3,4,5,6,7,8,9}/FACT({0,1,2,3,4,5,6,7,8,9}))+((D72/F72)^G72/FACT(G72)/(1-H72)))/(G72*F72-D72),"—") -> 0.19151371 | K72: =IF(ISNUMBER(J72),(1+Assumptions!$B$22^2)/2*J72,"—") -> 0.13022932 | L72: ='Sim Data'!$F$211 -> 0.8903 | M72: ='Sim Data'!$H$211 -> 16.7096 | N72: =D72*L72 -> 14.36499 | O72: =IF(MAX(M72,N72)<0.5,"both ≈ 0",IF(N72=0,"no new arrivals",M72/N72)) -> 1.1632169 | P72: =IF(D72=0,"",IF(H72>=1,"No steady state: the line grows by about "&TEXT((D72-G72*F72)*10,"0")&" in 10 min",IF(ISNUMBER(O72),IF(ABS(O72-1)<=0.2,"Steady: Little's Law holds",IF(O72>1,"Draining a line left from earlier","Line still building")),"Hardly any line"))) -> Steady: Little's Law holds
A73: With Smart Scan screens | B73: Central CT | C73: 13:00 | D73: ='Sim Data'!$E$212 -> 20.57 | E73: ='Sim Data'!$G$212 -> 0.1 | F73: =IF(E73>0,1/E73,Assumptions!$B$21) -> 10 | G73: =Assumptions!$B$20 -> 2 | H73: =D73/(G73*F73) -> 1.0285 | I73: =IF(D73=0,"no arrivals",IF(H73<0.85,"stable",IF(H73<1,"near capacity","over capacity"))) -> over capacity | J73: =IF(AND(D73>0,H73<1),((D73/F73)^G73/FACT(G73)/(1-H73))/(SUMPRODUCT(--({0,1,2,3,4,5,6,7,8,9}<G73),(D73/F73)^{0,1,2,3,4,5,6,7,8,9}/FACT({0,1,2,3,4,5,6,7,8,9}))+((D73/F73)^G73/FACT(G73)/(1-H73)))/(G73*F73-D73),"—") -> — | K73: =IF(ISNUMBER(J73),(1+Assumptions!$B$22^2)/2*J73,"—") -> — | L73: ='Sim Data'!$F$212 -> 0.6329 | M73: ='Sim Data'!$H$212 -> 11.3914 | N73: =D73*L73 -> 13.018753 | O73: =IF(MAX(M73,N73)<0.5,"both ≈ 0",IF(N73=0,"no new arrivals",M73/N73)) -> 0.87499932 | P73: =IF(D73=0,"",IF(H73>=1,"No steady state: the line grows by about "&TEXT((D73-G73*F73)*10,"0")&" in 10 min",IF(ISNUMBER(O73),IF(ABS(O73-1)<=0.2,"Steady: Little's Law holds",IF(O73>1,"Draining a line left from earlier","Line still building")),"Hardly any line"))) -> No steady state: the line grows by about 6 in 10 min
A74: With Smart Scan screens | B74: Central CT | C74: 13:10 | D74: ='Sim Data'!$E$213 -> 21.425 | E74: ='Sim Data'!$G$213 -> 0.0994 | F74: =IF(E74>0,1/E74,Assumptions!$B$21) -> 10.060362 | G74: =Assumptions!$B$20 -> 2 | H74: =D74/(G74*F74) -> 1.0648225 | I74: =IF(D74=0,"no arrivals",IF(H74<0.85,"stable",IF(H74<1,"near capacity","over capacity"))) -> over capacity | J74: =IF(AND(D74>0,H74<1),((D74/F74)^G74/FACT(G74)/(1-H74))/(SUMPRODUCT(--({0,1,2,3,4,5,6,7,8,9}<G74),(D74/F74)^{0,1,2,3,4,5,6,7,8,9}/FACT({0,1,2,3,4,5,6,7,8,9}))+((D74/F74)^G74/FACT(G74)/(1-H74)))/(G74*F74-D74),"—") -> — | K74: =IF(ISNUMBER(J74),(1+Assumptions!$B$22^2)/2*J74,"—") -> — | L74: ='Sim Data'!$F$213 -> 1.8116 | M74: ='Sim Data'!$H$213 -> 36.3816 | N74: =D74*L74 -> 38.81353 | O74: =IF(MAX(M74,N74)<0.5,"both ≈ 0",IF(N74=0,"no new arrivals",M74/N74)) -> 0.93734324 | P74: =IF(D74=0,"",IF(H74>=1,"No steady state: the line grows by about "&TEXT((D74-G74*F74)*10,"0")&" in 10 min",IF(ISNUMBER(O74),IF(ABS(O74-1)<=0.2,"Steady: Little's Law holds",IF(O74>1,"Draining a line left from earlier","Line still building")),"Hardly any line"))) -> No steady state: the line grows by about 13 in 10 min
A75: With Smart Scan screens | B75: Central CT | C75: 13:20 | D75: ='Sim Data'!$E$214 -> 19.955 | E75: ='Sim Data'!$G$214 -> 0.1006 | F75: =IF(E75>0,1/E75,Assumptions!$B$21) -> 9.9403579 | G75: =Assumptions!$B$20 -> 2 | H75: =D75/(G75*F75) -> 1.0037365 | I75: =IF(D75=0,"no arrivals",IF(H75<0.85,"stable",IF(H75<1,"near capacity","over capacity"))) -> over capacity | J75: =IF(AND(D75>0,H75<1),((D75/F75)^G75/FACT(G75)/(1-H75))/(SUMPRODUCT(--({0,1,2,3,4,5,6,7,8,9}<G75),(D75/F75)^{0,1,2,3,4,5,6,7,8,9}/FACT({0,1,2,3,4,5,6,7,8,9}))+((D75/F75)^G75/FACT(G75)/(1-H75)))/(G75*F75-D75),"—") -> — | K75: =IF(ISNUMBER(J75),(1+Assumptions!$B$22^2)/2*J75,"—") -> — | L75: ='Sim Data'!$F$214 -> 2.1938 | M75: ='Sim Data'!$H$214 -> 43.5311 | N75: =D75*L75 -> 43.777279 | O75: =IF(MAX(M75,N75)<0.5,"both ≈ 0",IF(N75=0,"no new arrivals",M75/N75)) -> 0.99437656 | P75: =IF(D75=0,"",IF(H75>=1,"No steady state: the line grows by about "&TEXT((D75-G75*F75)*10,"0")&" in 10 min",IF(ISNUMBER(O75),IF(ABS(O75-1)<=0.2,"Steady: Little's Law holds",IF(O75>1,"Draining a line left from earlier","Line still building")),"Hardly any line"))) -> No steady state: the line grows by about 1 in 10 min
A76: With Smart Scan screens | B76: Central CT | C76: 13:30 | D76: ='Sim Data'!$E$215 -> 18.14 | E76: ='Sim Data'!$G$215 -> 0.0996 | F76: =IF(E76>0,1/E76,Assumptions!$B$21) -> 10.040161 | G76: =Assumptions!$B$20 -> 2 | H76: =D76/(G76*F76) -> 0.903372 | I76: =IF(D76=0,"no arrivals",IF(H76<0.85,"stable",IF(H76<1,"near capacity","over capacity"))) -> near capacity | J76: =IF(AND(D76>0,H76<1),((D76/F76)^G76/FACT(G76)/(1-H76))/(SUMPRODUCT(--({0,1,2,3,4,5,6,7,8,9}<G76),(D76/F76)^{0,1,2,3,4,5,6,7,8,9}/FACT({0,1,2,3,4,5,6,7,8,9}))+((D76/F76)^G76/FACT(G76)/(1-H76)))/(G76*F76-D76),"—") -> 0.44194266 | K76: =IF(ISNUMBER(J76),(1+Assumptions!$B$22^2)/2*J76,"—") -> 0.30052101 | L76: ='Sim Data'!$F$215 -> 1.9222 | M76: ='Sim Data'!$H$215 -> 34.7681 | N76: =D76*L76 -> 34.868708 | O76: =IF(MAX(M76,N76)<0.5,"both ≈ 0",IF(N76=0,"no new arrivals",M76/N76)) -> 0.99711466 | P76: =IF(D76=0,"",IF(H76>=1,"No steady state: the line grows by about "&TEXT((D76-G76*F76)*10,"0")&" in 10 min",IF(ISNUMBER(O76),IF(ABS(O76-1)<=0.2,"Steady: Little's Law holds",IF(O76>1,"Draining a line left from earlier","Line still building")),"Hardly any line"))) -> Steady: Little's Law holds
A77: With Smart Scan screens | B77: Central CT | C77: 13:40 | D77: ='Sim Data'!$E$216 -> 14.65 | E77: ='Sim Data'!$G$216 -> 0.1019 | F77: =IF(E77>0,1/E77,Assumptions!$B$21) -> 9.8135427 | G77: =Assumptions!$B$20 -> 2 | H77: =D77/(G77*F77) -> 0.7464175 | I77: =IF(D77=0,"no arrivals",IF(H77<0.85,"stable",IF(H77<1,"near capacity","over capacity"))) -> stable | J77: =IF(AND(D77>0,H77<1),((D77/F77)^G77/FACT(G77)/(1-H77))/(SUMPRODUCT(--({0,1,2,3,4,5,6,7,8,9}<G77),(D77/F77)^{0,1,2,3,4,5,6,7,8,9}/FACT({0,1,2,3,4,5,6,7,8,9}))+((D77/F77)^G77/FACT(G77)/(1-H77)))/(G77*F77-D77),"—") -> 0.12819481 | K77: =IF(ISNUMBER(J77),(1+Assumptions!$B$22^2)/2*J77,"—") -> 0.087172473 | L77: ='Sim Data'!$F$216 -> 1.0969 | M77: ='Sim Data'!$H$216 -> 20.3581 | N77: =D77*L77 -> 16.069585 | O77: =IF(MAX(M77,N77)<0.5,"both ≈ 0",IF(N77=0,"no new arrivals",M77/N77)) -> 1.2668715 | P77: =IF(D77=0,"",IF(H77>=1,"No steady state: the line grows by about "&TEXT((D77-G77*F77)*10,"0")&" in 10 min",IF(ISNUMBER(O77),IF(ABS(O77-1)<=0.2,"Steady: Little's Law holds",IF(O77>1,"Draining a line left from earlier","Line still building")),"Hardly any line"))) -> Draining a line left from earlier
A78: With Smart Scan screens | B78: Central CT | C78: 13:50 | D78: ='Sim Data'!$E$217 -> 7.49 | E78: ='Sim Data'!$G$217 -> 0.0991 | F78: =IF(E78>0,1/E78,Assumptions!$B$21) -> 10.090817 | G78: =Assumptions!$B$20 -> 2 | H78: =D78/(G78*F78) -> 0.3711295 | I78: =IF(D78=0,"no arrivals",IF(H78<0.85,"stable",IF(H78<1,"near capacity","over capacity"))) -> stable | J78: =IF(AND(D78>0,H78<1),((D78/F78)^G78/FACT(G78)/(1-H78))/(SUMPRODUCT(--({0,1,2,3,4,5,6,7,8,9}<G78),(D78/F78)^{0,1,2,3,4,5,6,7,8,9}/FACT({0,1,2,3,4,5,6,7,8,9}))+((D78/F78)^G78/FACT(G78)/(1-H78)))/(G78*F78-D78),"—") -> 0.015830146 | K78: =IF(ISNUMBER(J78),(1+Assumptions!$B$22^2)/2*J78,"—") -> 0.010764499 | L78: ='Sim Data'!$F$217 -> 0.0843 | M78: ='Sim Data'!$H$217 -> 1.2219 | N78: =D78*L78 -> 0.631407 | O78: =IF(MAX(M78,N78)<0.5,"both ≈ 0",IF(N78=0,"no new arrivals",M78/N78)) -> 1.9352019 | P78: =IF(D78=0,"",IF(H78>=1,"No steady state: the line grows by about "&TEXT((D78-G78*F78)*10,"0")&" in 10 min",IF(ISNUMBER(O78),IF(ABS(O78-1)<=0.2,"Steady: Little's Law holds",IF(O78>1,"Draining a line left from earlier","Line still building")),"Hardly any line"))) -> Draining a line left from earlier
A79: With Smart Scan screens | B79: Central CT | C79: 14:00 | D79: ='Sim Data'!$E$218 -> 0.275 | E79: ='Sim Data'!$G$218 -> 0.0997 | F79: =IF(E79>0,1/E79,Assumptions!$B$21) -> 10.03009 | G79: =Assumptions!$B$20 -> 2 | H79: =D79/(G79*F79) -> 0.01370875 | I79: =IF(D79=0,"no arrivals",IF(H79<0.85,"stable",IF(H79<1,"near capacity","over capacity"))) -> stable | J79: =IF(AND(D79>0,H79<1),((D79/F79)^G79/FACT(G79)/(1-H79))/(SUMPRODUCT(--({0,1,2,3,4,5,6,7,8,9}<G79),(D79/F79)^{0,1,2,3,4,5,6,7,8,9}/FACT({0,1,2,3,4,5,6,7,8,9}))+((D79/F79)^G79/FACT(G79)/(1-H79)))/(G79*F79-D79),"—") -> 1.8740126e-05 | K79: =IF(ISNUMBER(J79),(1+Assumptions!$B$22^2)/2*J79,"—") -> 1.2743285e-05 | L79: ='Sim Data'!$F$218 -> 0.0029 | M79: ='Sim Data'!$H$218 -> 0.0008 | N79: =D79*L79 -> 0.0007975 | O79: =IF(MAX(M79,N79)<0.5,"both ≈ 0",IF(N79=0,"no new arrivals",M79/N79)) -> both ≈ 0 | P79: =IF(D79=0,"",IF(H79>=1,"No steady state: the line grows by about "&TEXT((D79-G79*F79)*10,"0")&" in 10 min",IF(ISNUMBER(O79),IF(ABS(O79-1)<=0.2,"Steady: Little's Law holds",IF(O79>1,"Draining a line left from earlier","Line still building")),"Hardly any line"))) -> Hardly any line
A80: With Smart Scan screens | B80: Central CT | C80: 14:10 | D80: ='Sim Data'!$E$219 -> 0 | E80: ='Sim Data'!$G$219 -> 0 | F80: =IF(E80>0,1/E80,Assumptions!$B$21) -> 10 | G80: =Assumptions!$B$20 -> 2 | H80: =D80/(G80*F80) -> 0 | I80: =IF(D80=0,"no arrivals",IF(H80<0.85,"stable",IF(H80<1,"near capacity","over capacity"))) -> no arrivals | J80: =IF(AND(D80>0,H80<1),((D80/F80)^G80/FACT(G80)/(1-H80))/(SUMPRODUCT(--({0,1,2,3,4,5,6,7,8,9}<G80),(D80/F80)^{0,1,2,3,4,5,6,7,8,9}/FACT({0,1,2,3,4,5,6,7,8,9}))+((D80/F80)^G80/FACT(G80)/(1-H80)))/(G80*F80-D80),"—") -> — | K80: =IF(ISNUMBER(J80),(1+Assumptions!$B$22^2)/2*J80,"—") -> — | L80: ='Sim Data'!$F$219 -> 0 | M80: ='Sim Data'!$H$219 -> 0 | N80: =D80*L80 -> 0 | O80: =IF(MAX(M80,N80)<0.5,"both ≈ 0",IF(N80=0,"no new arrivals",M80/N80)) -> both ≈ 0 | P80: =IF(D80=0,"",IF(H80>=1,"No steady state: the line grows by about "&TEXT((D80-G80*F80)*10,"0")&" in 10 min",IF(ISNUMBER(O80),IF(ABS(O80-1)<=0.2,"Steady: Little's Law holds",IF(O80>1,"Draining a line left from earlier","Line still building")),"Hardly any line")))
A81: With Smart Scan screens | B81: Central CT | C81: 14:20 | D81: ='Sim Data'!$E$220 -> 0 | E81: ='Sim Data'!$G$220 -> 0 | F81: =IF(E81>0,1/E81,Assumptions!$B$21) -> 10 | G81: =Assumptions!$B$20 -> 2 | H81: =D81/(G81*F81) -> 0 | I81: =IF(D81=0,"no arrivals",IF(H81<0.85,"stable",IF(H81<1,"near capacity","over capacity"))) -> no arrivals | J81: =IF(AND(D81>0,H81<1),((D81/F81)^G81/FACT(G81)/(1-H81))/(SUMPRODUCT(--({0,1,2,3,4,5,6,7,8,9}<G81),(D81/F81)^{0,1,2,3,4,5,6,7,8,9}/FACT({0,1,2,3,4,5,6,7,8,9}))+((D81/F81)^G81/FACT(G81)/(1-H81)))/(G81*F81-D81),"—") -> — | K81: =IF(ISNUMBER(J81),(1+Assumptions!$B$22^2)/2*J81,"—") -> — | L81: ='Sim Data'!$F$220 -> 0 | M81: ='Sim Data'!$H$220 -> 0 | N81: =D81*L81 -> 0 | O81: =IF(MAX(M81,N81)<0.5,"both ≈ 0",IF(N81=0,"no new arrivals",M81/N81)) -> both ≈ 0 | P81: =IF(D81=0,"",IF(H81>=1,"No steady state: the line grows by about "&TEXT((D81-G81*F81)*10,"0")&" in 10 min",IF(ISNUMBER(O81),IF(ABS(O81-1)<=0.2,"Steady: Little's Law holds",IF(O81>1,"Draining a line left from earlier","Line still building")),"Hardly any line")))
A82: With Smart Scan screens | B82: Munch Mess | C82: 11:30 | D82: ='Sim Data'!$E$293 -> 0 | E82: ='Sim Data'!$G$293 -> 0 | F82: =IF(E82>0,1/E82,Assumptions!$B$21) -> 10 | G82: =Assumptions!$B$20 -> 2 | H82: =D82/(G82*F82) -> 0 | I82: =IF(D82=0,"no arrivals",IF(H82<0.85,"stable",IF(H82<1,"near capacity","over capacity"))) -> no arrivals | J82: =IF(AND(D82>0,H82<1),((D82/F82)^G82/FACT(G82)/(1-H82))/(SUMPRODUCT(--({0,1,2,3,4,5,6,7,8,9}<G82),(D82/F82)^{0,1,2,3,4,5,6,7,8,9}/FACT({0,1,2,3,4,5,6,7,8,9}))+((D82/F82)^G82/FACT(G82)/(1-H82)))/(G82*F82-D82),"—") -> — | K82: =IF(ISNUMBER(J82),(1+Assumptions!$B$22^2)/2*J82,"—") -> — | L82: ='Sim Data'!$F$293 -> 0 | M82: ='Sim Data'!$H$293 -> 0 | N82: =D82*L82 -> 0 | O82: =IF(MAX(M82,N82)<0.5,"both ≈ 0",IF(N82=0,"no new arrivals",M82/N82)) -> both ≈ 0 | P82: =IF(D82=0,"",IF(H82>=1,"No steady state: the line grows by about "&TEXT((D82-G82*F82)*10,"0")&" in 10 min",IF(ISNUMBER(O82),IF(ABS(O82-1)<=0.2,"Steady: Little's Law holds",IF(O82>1,"Draining a line left from earlier","Line still building")),"Hardly any line")))
A83: With Smart Scan screens | B83: Munch Mess | C83: 11:40 | D83: ='Sim Data'!$E$294 -> 0 | E83: ='Sim Data'!$G$294 -> 0 | F83: =IF(E83>0,1/E83,Assumptions!$B$21) -> 10 | G83: =Assumptions!$B$20 -> 2 | H83: =D83/(G83*F83) -> 0 | I83: =IF(D83=0,"no arrivals",IF(H83<0.85,"stable",IF(H83<1,"near capacity","over capacity"))) -> no arrivals | J83: =IF(AND(D83>0,H83<1),((D83/F83)^G83/FACT(G83)/(1-H83))/(SUMPRODUCT(--({0,1,2,3,4,5,6,7,8,9}<G83),(D83/F83)^{0,1,2,3,4,5,6,7,8,9}/FACT({0,1,2,3,4,5,6,7,8,9}))+((D83/F83)^G83/FACT(G83)/(1-H83)))/(G83*F83-D83),"—") -> — | K83: =IF(ISNUMBER(J83),(1+Assumptions!$B$22^2)/2*J83,"—") -> — | L83: ='Sim Data'!$F$294 -> 0 | M83: ='Sim Data'!$H$294 -> 0 | N83: =D83*L83 -> 0 | O83: =IF(MAX(M83,N83)<0.5,"both ≈ 0",IF(N83=0,"no new arrivals",M83/N83)) -> both ≈ 0 | P83: =IF(D83=0,"",IF(H83>=1,"No steady state: the line grows by about "&TEXT((D83-G83*F83)*10,"0")&" in 10 min",IF(ISNUMBER(O83),IF(ABS(O83-1)<=0.2,"Steady: Little's Law holds",IF(O83>1,"Draining a line left from earlier","Line still building")),"Hardly any line")))
A84: With Smart Scan screens | B84: Munch Mess | C84: 11:50 | D84: ='Sim Data'!$E$295 -> 0 | E84: ='Sim Data'!$G$295 -> 0 | F84: =IF(E84>0,1/E84,Assumptions!$B$21) -> 10 | G84: =Assumptions!$B$20 -> 2 | H84: =D84/(G84*F84) -> 0 | I84: =IF(D84=0,"no arrivals",IF(H84<0.85,"stable",IF(H84<1,"near capacity","over capacity"))) -> no arrivals | J84: =IF(AND(D84>0,H84<1),((D84/F84)^G84/FACT(G84)/(1-H84))/(SUMPRODUCT(--({0,1,2,3,4,5,6,7,8,9}<G84),(D84/F84)^{0,1,2,3,4,5,6,7,8,9}/FACT({0,1,2,3,4,5,6,7,8,9}))+((D84/F84)^G84/FACT(G84)/(1-H84)))/(G84*F84-D84),"—") -> — | K84: =IF(ISNUMBER(J84),(1+Assumptions!$B$22^2)/2*J84,"—") -> — | L84: ='Sim Data'!$F$295 -> 0 | M84: ='Sim Data'!$H$295 -> 0 | N84: =D84*L84 -> 0 | O84: =IF(MAX(M84,N84)<0.5,"both ≈ 0",IF(N84=0,"no new arrivals",M84/N84)) -> both ≈ 0 | P84: =IF(D84=0,"",IF(H84>=1,"No steady state: the line grows by about "&TEXT((D84-G84*F84)*10,"0")&" in 10 min",IF(ISNUMBER(O84),IF(ABS(O84-1)<=0.2,"Steady: Little's Law holds",IF(O84>1,"Draining a line left from earlier","Line still building")),"Hardly any line")))
A85: With Smart Scan screens | B85: Munch Mess | C85: 12:00 | D85: ='Sim Data'!$E$296 -> 3.655 | E85: ='Sim Data'!$G$296 -> 0.0953 | F85: =IF(E85>0,1/E85,Assumptions!$B$21) -> 10.493179 | G85: =Assumptions!$B$20 -> 2 | H85: =D85/(G85*F85) -> 0.17416075 | I85: =IF(D85=0,"no arrivals",IF(H85<0.85,"stable",IF(H85<1,"near capacity","over capacity"))) -> stable | J85: =IF(AND(D85>0,H85<1),((D85/F85)^G85/FACT(G85)/(1-H85))/(SUMPRODUCT(--({0,1,2,3,4,5,6,7,8,9}<G85),(D85/F85)^{0,1,2,3,4,5,6,7,8,9}/FACT({0,1,2,3,4,5,6,7,8,9}))+((D85/F85)^G85/FACT(G85)/(1-H85)))/(G85*F85-D85),"—") -> 0.0029810578 | K85: =IF(ISNUMBER(J85),(1+Assumptions!$B$22^2)/2*J85,"—") -> 0.0020271193 | L85: ='Sim Data'!$F$296 -> 0.0021 | M85: ='Sim Data'!$H$296 -> 0.0077 | N85: =D85*L85 -> 0.0076755 | O85: =IF(MAX(M85,N85)<0.5,"both ≈ 0",IF(N85=0,"no new arrivals",M85/N85)) -> both ≈ 0 | P85: =IF(D85=0,"",IF(H85>=1,"No steady state: the line grows by about "&TEXT((D85-G85*F85)*10,"0")&" in 10 min",IF(ISNUMBER(O85),IF(ABS(O85-1)<=0.2,"Steady: Little's Law holds",IF(O85>1,"Draining a line left from earlier","Line still building")),"Hardly any line"))) -> Hardly any line
A86: With Smart Scan screens | B86: Munch Mess | C86: 12:10 | D86: ='Sim Data'!$E$297 -> 4.545 | E86: ='Sim Data'!$G$297 -> 0.0984 | F86: =IF(E86>0,1/E86,Assumptions!$B$21) -> 10.162602 | G86: =Assumptions!$B$20 -> 2 | H86: =D86/(G86*F86) -> 0.223614 | I86: =IF(D86=0,"no arrivals",IF(H86<0.85,"stable",IF(H86<1,"near capacity","over capacity"))) -> stable | J86: =IF(AND(D86>0,H86<1),((D86/F86)^G86/FACT(G86)/(1-H86))/(SUMPRODUCT(--({0,1,2,3,4,5,6,7,8,9}<G86),(D86/F86)^{0,1,2,3,4,5,6,7,8,9}/FACT({0,1,2,3,4,5,6,7,8,9}))+((D86/F86)^G86/FACT(G86)/(1-H86)))/(G86*F86-D86),"—") -> 0.0051792986 | K86: =IF(ISNUMBER(J86),(1+Assumptions!$B$22^2)/2*J86,"—") -> 0.003521923 | L86: ='Sim Data'!$F$297 -> 0.0034 | M86: ='Sim Data'!$H$297 -> 0.0154 | N86: =D86*L86 -> 0.015453 | O86: =IF(MAX(M86,N86)<0.5,"both ≈ 0",IF(N86=0,"no new arrivals",M86/N86)) -> both ≈ 0 | P86: =IF(D86=0,"",IF(H86>=1,"No steady state: the line grows by about "&TEXT((D86-G86*F86)*10,"0")&" in 10 min",IF(ISNUMBER(O86),IF(ABS(O86-1)<=0.2,"Steady: Little's Law holds",IF(O86>1,"Draining a line left from earlier","Line still building")),"Hardly any line"))) -> Hardly any line
A87: With Smart Scan screens | B87: Munch Mess | C87: 12:20 | D87: ='Sim Data'!$E$298 -> 5.02 | E87: ='Sim Data'!$G$298 -> 0.1007 | F87: =IF(E87>0,1/E87,Assumptions!$B$21) -> 9.9304866 | G87: =Assumptions!$B$20 -> 2 | H87: =D87/(G87*F87) -> 0.252757 | I87: =IF(D87=0,"no arrivals",IF(H87<0.85,"stable",IF(H87<1,"near capacity","over capacity"))) -> stable | J87: =IF(AND(D87>0,H87<1),((D87/F87)^G87/FACT(G87)/(1-H87))/(SUMPRODUCT(--({0,1,2,3,4,5,6,7,8,9}<G87),(D87/F87)^{0,1,2,3,4,5,6,7,8,9}/FACT({0,1,2,3,4,5,6,7,8,9}))+((D87/F87)^G87/FACT(G87)/(1-H87)))/(G87*F87-D87),"—") -> 0.0068723799 | K87: =IF(ISNUMBER(J87),(1+Assumptions!$B$22^2)/2*J87,"—") -> 0.0046732184 | L87: ='Sim Data'!$F$298 -> 0.0067 | M87: ='Sim Data'!$H$298 -> 0.0341 | N87: =D87*L87 -> 0.033634 | O87: =IF(MAX(M87,N87)<0.5,"both ≈ 0",IF(N87=0,"no new arrivals",M87/N87)) -> both ≈ 0 | P87: =IF(D87=0,"",IF(H87>=1,"No steady state: the line grows by about "&TEXT((D87-G87*F87)*10,"0")&" in 10 min",IF(ISNUMBER(O87),IF(ABS(O87-1)<=0.2,"Steady: Little's Law holds",IF(O87>1,"Draining a line left from earlier","Line still building")),"Hardly any line"))) -> Hardly any line
A88: With Smart Scan screens | B88: Munch Mess | C88: 12:30 | D88: ='Sim Data'!$E$299 -> 6.9 | E88: ='Sim Data'!$G$299 -> 0.101 | F88: =IF(E88>0,1/E88,Assumptions!$B$21) -> 9.9009901 | G88: =Assumptions!$B$20 -> 2 | H88: =D88/(G88*F88) -> 0.34845 | I88: =IF(D88=0,"no arrivals",IF(H88<0.85,"stable",IF(H88<1,"near capacity","over capacity"))) -> stable | J88: =IF(AND(D88>0,H88<1),((D88/F88)^G88/FACT(G88)/(1-H88))/(SUMPRODUCT(--({0,1,2,3,4,5,6,7,8,9}<G88),(D88/F88)^{0,1,2,3,4,5,6,7,8,9}/FACT({0,1,2,3,4,5,6,7,8,9}))+((D88/F88)^G88/FACT(G88)/(1-H88)))/(G88*F88-D88),"—") -> 0.013957888 | K88: =IF(ISNUMBER(J88),(1+Assumptions!$B$22^2)/2*J88,"—") -> 0.009491364 | L88: ='Sim Data'!$F$299 -> 0.0294 | M88: ='Sim Data'!$H$299 -> 0.2026 | N88: =D88*L88 -> 0.20286 | O88: =IF(MAX(M88,N88)<0.5,"both ≈ 0",IF(N88=0,"no new arrivals",M88/N88)) -> both ≈ 0 | P88: =IF(D88=0,"",IF(H88>=1,"No steady state: the line grows by about "&TEXT((D88-G88*F88)*10,"0")&" in 10 min",IF(ISNUMBER(O88),IF(ABS(O88-1)<=0.2,"Steady: Little's Law holds",IF(O88>1,"Draining a line left from earlier","Line still building")),"Hardly any line"))) -> Hardly any line
A89: With Smart Scan screens | B89: Munch Mess | C89: 12:40 | D89: ='Sim Data'!$E$300 -> 6.885 | E89: ='Sim Data'!$G$300 -> 0.0989 | F89: =IF(E89>0,1/E89,Assumptions!$B$21) -> 10.111223 | G89: =Assumptions!$B$20 -> 2 | H89: =D89/(G89*F89) -> 0.34046325 | I89: =IF(D89=0,"no arrivals",IF(H89<0.85,"stable",IF(H89<1,"near capacity","over capacity"))) -> stable | J89: =IF(AND(D89>0,H89<1),((D89/F89)^G89/FACT(G89)/(1-H89))/(SUMPRODUCT(--({0,1,2,3,4,5,6,7,8,9}<G89),(D89/F89)^{0,1,2,3,4,5,6,7,8,9}/FACT({0,1,2,3,4,5,6,7,8,9}))+((D89/F89)^G89/FACT(G89)/(1-H89)))/(G89*F89-D89),"—") -> 0.0129671 | K89: =IF(ISNUMBER(J89),(1+Assumptions!$B$22^2)/2*J89,"—") -> 0.008817628 | L89: ='Sim Data'!$F$300 -> 0.0336 | M89: ='Sim Data'!$H$300 -> 0.2312 | N89: =D89*L89 -> 0.231336 | O89: =IF(MAX(M89,N89)<0.5,"both ≈ 0",IF(N89=0,"no new arrivals",M89/N89)) -> both ≈ 0 | P89: =IF(D89=0,"",IF(H89>=1,"No steady state: the line grows by about "&TEXT((D89-G89*F89)*10,"0")&" in 10 min",IF(ISNUMBER(O89),IF(ABS(O89-1)<=0.2,"Steady: Little's Law holds",IF(O89>1,"Draining a line left from earlier","Line still building")),"Hardly any line"))) -> Hardly any line
A90: With Smart Scan screens | B90: Munch Mess | C90: 12:50 | D90: ='Sim Data'!$E$301 -> 5.52 | E90: ='Sim Data'!$G$301 -> 0.0979 | F90: =IF(E90>0,1/E90,Assumptions!$B$21) -> 10.214505 | G90: =Assumptions!$B$20 -> 2 | H90: =D90/(G90*F90) -> 0.270204 | I90: =IF(D90=0,"no arrivals",IF(H90<0.85,"stable",IF(H90<1,"near capacity","over capacity"))) -> stable | J90: =IF(AND(D90>0,H90<1),((D90/F90)^G90/FACT(G90)/(1-H90))/(SUMPRODUCT(--({0,1,2,3,4,5,6,7,8,9}<G90),(D90/F90)^{0,1,2,3,4,5,6,7,8,9}/FACT({0,1,2,3,4,5,6,7,8,9}))+((D90/F90)^G90/FACT(G90)/(1-H90)))/(G90*F90-D90),"—") -> 0.0077106552 | K90: =IF(ISNUMBER(J90),(1+Assumptions!$B$22^2)/2*J90,"—") -> 0.0052432456 | L90: ='Sim Data'!$F$301 -> 0.0203 | M90: ='Sim Data'!$H$301 -> 0.1123 | N90: =D90*L90 -> 0.112056 | O90: =IF(MAX(M90,N90)<0.5,"both ≈ 0",IF(N90=0,"no new arrivals",M90/N90)) -> both ≈ 0 | P90: =IF(D90=0,"",IF(H90>=1,"No steady state: the line grows by about "&TEXT((D90-G90*F90)*10,"0")&" in 10 min",IF(ISNUMBER(O90),IF(ABS(O90-1)<=0.2,"Steady: Little's Law holds",IF(O90>1,"Draining a line left from earlier","Line still building")),"Hardly any line"))) -> Hardly any line
A91: With Smart Scan screens | B91: Munch Mess | C91: 13:00 | D91: ='Sim Data'!$E$302 -> 6.155 | E91: ='Sim Data'!$G$302 -> 0.1006 | F91: =IF(E91>0,1/E91,Assumptions!$B$21) -> 9.9403579 | G91: =Assumptions!$B$20 -> 2 | H91: =D91/(G91*F91) -> 0.3095965 | I91: =IF(D91=0,"no arrivals",IF(H91<0.85,"stable",IF(H91<1,"near capacity","over capacity"))) -> stable | J91: =IF(AND(D91>0,H91<1),((D91/F91)^G91/FACT(G91)/(1-H91))/(SUMPRODUCT(--({0,1,2,3,4,5,6,7,8,9}<G91),(D91/F91)^{0,1,2,3,4,5,6,7,8,9}/FACT({0,1,2,3,4,5,6,7,8,9}))+((D91/F91)^G91/FACT(G91)/(1-H91)))/(G91*F91-D91),"—") -> 0.010664723 | K91: =IF(ISNUMBER(J91),(1+Assumptions!$B$22^2)/2*J91,"—") -> 0.0072520116 | L91: ='Sim Data'!$F$302 -> 0.0309 | M91: ='Sim Data'!$H$302 -> 0.1436 | N91: =D91*L91 -> 0.1901895 | O91: =IF(MAX(M91,N91)<0.5,"both ≈ 0",IF(N91=0,"no new arrivals",M91/N91)) -> both ≈ 0 | P91: =IF(D91=0,"",IF(H91>=1,"No steady state: the line grows by about "&TEXT((D91-G91*F91)*10,"0")&" in 10 min",IF(ISNUMBER(O91),IF(ABS(O91-1)<=0.2,"Steady: Little's Law holds",IF(O91>1,"Draining a line left from earlier","Line still building")),"Hardly any line"))) -> Hardly any line
A92: With Smart Scan screens | B92: Munch Mess | C92: 13:10 | D92: ='Sim Data'!$E$303 -> 15.64 | E92: ='Sim Data'!$G$303 -> 0.0994 | F92: =IF(E92>0,1/E92,Assumptions!$B$21) -> 10.060362 | G92: =Assumptions!$B$20 -> 2 | H92: =D92/(G92*F92) -> 0.777308 | I92: =IF(D92=0,"no arrivals",IF(H92<0.85,"stable",IF(H92<1,"near capacity","over capacity"))) -> stable | J92: =IF(AND(D92>0,H92<1),((D92/F92)^G92/FACT(G92)/(1-H92))/(SUMPRODUCT(--({0,1,2,3,4,5,6,7,8,9}<G92),(D92/F92)^{0,1,2,3,4,5,6,7,8,9}/FACT({0,1,2,3,4,5,6,7,8,9}))+((D92/F92)^G92/FACT(G92)/(1-H92)))/(G92*F92-D92),"—") -> 0.15174184 | K92: =IF(ISNUMBER(J92),(1+Assumptions!$B$22^2)/2*J92,"—") -> 0.10318445 | L92: ='Sim Data'!$F$303 -> 0.1334 | M92: ='Sim Data'!$H$303 -> 2.0936 | N92: =D92*L92 -> 2.086376 | O92: =IF(MAX(M92,N92)<0.5,"both ≈ 0",IF(N92=0,"no new arrivals",M92/N92)) -> 1.0034625 | P92: =IF(D92=0,"",IF(H92>=1,"No steady state: the line grows by about "&TEXT((D92-G92*F92)*10,"0")&" in 10 min",IF(ISNUMBER(O92),IF(ABS(O92-1)<=0.2,"Steady: Little's Law holds",IF(O92>1,"Draining a line left from earlier","Line still building")),"Hardly any line"))) -> Steady: Little's Law holds
A93: With Smart Scan screens | B93: Munch Mess | C93: 13:20 | D93: ='Sim Data'!$E$304 -> 15.9 | E93: ='Sim Data'!$G$304 -> 0.0992 | F93: =IF(E93>0,1/E93,Assumptions!$B$21) -> 10.080645 | G93: =Assumptions!$B$20 -> 2 | H93: =D93/(G93*F93) -> 0.78864 | I93: =IF(D93=0,"no arrivals",IF(H93<0.85,"stable",IF(H93<1,"near capacity","over capacity"))) -> stable | J93: =IF(AND(D93>0,H93<1),((D93/F93)^G93/FACT(G93)/(1-H93))/(SUMPRODUCT(--({0,1,2,3,4,5,6,7,8,9}<G93),(D93/F93)^{0,1,2,3,4,5,6,7,8,9}/FACT({0,1,2,3,4,5,6,7,8,9}))+((D93/F93)^G93/FACT(G93)/(1-H93)))/(G93*F93-D93),"—") -> 0.16320127 | K93: =IF(ISNUMBER(J93),(1+Assumptions!$B$22^2)/2*J93,"—") -> 0.11097686 | L93: ='Sim Data'!$F$304 -> 0.1552 | M93: ='Sim Data'!$H$304 -> 2.4765 | N93: =D93*L93 -> 2.46768 | O93: =IF(MAX(M93,N93)<0.5,"both ≈ 0",IF(N93=0,"no new arrivals",M93/N93)) -> 1.0035742 | P93: =IF(D93=0,"",IF(H93>=1,"No steady state: the line grows by about "&TEXT((D93-G93*F93)*10,"0")&" in 10 min",IF(ISNUMBER(O93),IF(ABS(O93-1)<=0.2,"Steady: Little's Law holds",IF(O93>1,"Draining a line left from earlier","Line still building")),"Hardly any line"))) -> Steady: Little's Law holds
A94: With Smart Scan screens | B94: Munch Mess | C94: 13:30 | D94: ='Sim Data'!$E$305 -> 9.67 | E94: ='Sim Data'!$G$305 -> 0.0992 | F94: =IF(E94>0,1/E94,Assumptions!$B$21) -> 10.080645 | G94: =Assumptions!$B$20 -> 2 | H94: =D94/(G94*F94) -> 0.479632 | I94: =IF(D94=0,"no arrivals",IF(H94<0.85,"stable",IF(H94<1,"near capacity","over capacity"))) -> stable | J94: =IF(AND(D94>0,H94<1),((D94/F94)^G94/FACT(G94)/(1-H94))/(SUMPRODUCT(--({0,1,2,3,4,5,6,7,8,9}<G94),(D94/F94)^{0,1,2,3,4,5,6,7,8,9}/FACT({0,1,2,3,4,5,6,7,8,9}))+((D94/F94)^G94/FACT(G94)/(1-H94)))/(G94*F94-D94),"—") -> 0.029639009 | K94: =IF(ISNUMBER(J94),(1+Assumptions!$B$22^2)/2*J94,"—") -> 0.020154526 | L94: ='Sim Data'!$F$305 -> 0.0851 | M94: ='Sim Data'!$H$305 -> 0.8525 | N94: =D94*L94 -> 0.822917 | O94: =IF(MAX(M94,N94)<0.5,"both ≈ 0",IF(N94=0,"no new arrivals",M94/N94)) -> 1.0359489 | P94: =IF(D94=0,"",IF(H94>=1,"No steady state: the line grows by about "&TEXT((D94-G94*F94)*10,"0")&" in 10 min",IF(ISNUMBER(O94),IF(ABS(O94-1)<=0.2,"Steady: Little's Law holds",IF(O94>1,"Draining a line left from earlier","Line still building")),"Hardly any line"))) -> Steady: Little's Law holds
A95: With Smart Scan screens | B95: Munch Mess | C95: 13:40 | D95: ='Sim Data'!$E$306 -> 4.1 | E95: ='Sim Data'!$G$306 -> 0.1 | F95: =IF(E95>0,1/E95,Assumptions!$B$21) -> 10 | G95: =Assumptions!$B$20 -> 2 | H95: =D95/(G95*F95) -> 0.205 | I95: =IF(D95=0,"no arrivals",IF(H95<0.85,"stable",IF(H95<1,"near capacity","over capacity"))) -> stable | J95: =IF(AND(D95>0,H95<1),((D95/F95)^G95/FACT(G95)/(1-H95))/(SUMPRODUCT(--({0,1,2,3,4,5,6,7,8,9}<G95),(D95/F95)^{0,1,2,3,4,5,6,7,8,9}/FACT({0,1,2,3,4,5,6,7,8,9}))+((D95/F95)^G95/FACT(G95)/(1-H95)))/(G95*F95-D95),"—") -> 0.0043868577 | K95: =IF(ISNUMBER(J95),(1+Assumptions!$B$22^2)/2*J95,"—") -> 0.0029830632 | L95: ='Sim Data'!$F$306 -> 0.0111 | M95: ='Sim Data'!$H$306 -> 0.0464 | N95: =D95*L95 -> 0.04551 | O95: =IF(MAX(M95,N95)<0.5,"both ≈ 0",IF(N95=0,"no new arrivals",M95/N95)) -> both ≈ 0 | P95: =IF(D95=0,"",IF(H95>=1,"No steady state: the line grows by about "&TEXT((D95-G95*F95)*10,"0")&" in 10 min",IF(ISNUMBER(O95),IF(ABS(O95-1)<=0.2,"Steady: Little's Law holds",IF(O95>1,"Draining a line left from earlier","Line still building")),"Hardly any line"))) -> Hardly any line
A96: With Smart Scan screens | B96: Munch Mess | C96: 13:50 | D96: ='Sim Data'!$E$307 -> 1.895 | E96: ='Sim Data'!$G$307 -> 0.0956 | F96: =IF(E96>0,1/E96,Assumptions!$B$21) -> 10.460251 | G96: =Assumptions!$B$20 -> 2 | H96: =D96/(G96*F96) -> 0.090581 | I96: =IF(D96=0,"no arrivals",IF(H96<0.85,"stable",IF(H96<1,"near capacity","over capacity"))) -> stable | J96: =IF(AND(D96>0,H96<1),((D96/F96)^G96/FACT(G96)/(1-H96))/(SUMPRODUCT(--({0,1,2,3,4,5,6,7,8,9}<G96),(D96/F96)^{0,1,2,3,4,5,6,7,8,9}/FACT({0,1,2,3,4,5,6,7,8,9}))+((D96/F96)^G96/FACT(G96)/(1-H96)))/(G96*F96-D96),"—") -> 0.00079087922 | K96: =IF(ISNUMBER(J96),(1+Assumptions!$B$22^2)/2*J96,"—") -> 0.00053779787 | L96: ='Sim Data'!$F$307 -> 0.0004 | M96: ='Sim Data'!$H$307 -> 0.0008 | N96: =D96*L96 -> 0.000758 | O96: =IF(MAX(M96,N96)<0.5,"both ≈ 0",IF(N96=0,"no new arrivals",M96/N96)) -> both ≈ 0 | P96: =IF(D96=0,"",IF(H96>=1,"No steady state: the line grows by about "&TEXT((D96-G96*F96)*10,"0")&" in 10 min",IF(ISNUMBER(O96),IF(ABS(O96-1)<=0.2,"Steady: Little's Law holds",IF(O96>1,"Draining a line left from earlier","Line still building")),"Hardly any line"))) -> Hardly any line
A97: With Smart Scan screens | B97: Munch Mess | C97: 14:00 | D97: ='Sim Data'!$E$308 -> 0.075 | E97: ='Sim Data'!$G$308 -> 0.1062 | F97: =IF(E97>0,1/E97,Assumptions!$B$21) -> 9.4161959 | G97: =Assumptions!$B$20 -> 2 | H97: =D97/(G97*F97) -> 0.0039825 | I97: =IF(D97=0,"no arrivals",IF(H97<0.85,"stable",IF(H97<1,"near capacity","over capacity"))) -> stable | J97: =IF(AND(D97>0,H97<1),((D97/F97)^G97/FACT(G97)/(1-H97))/(SUMPRODUCT(--({0,1,2,3,4,5,6,7,8,9}<G97),(D97/F97)^{0,1,2,3,4,5,6,7,8,9}/FACT({0,1,2,3,4,5,6,7,8,9}))+((D97/F97)^G97/FACT(G97)/(1-H97)))/(G97*F97-D97),"—") -> 1.6843912e-06 | K97: =IF(ISNUMBER(J97),(1+Assumptions!$B$22^2)/2*J97,"—") -> 1.145386e-06 | L97: ='Sim Data'!$F$308 -> 0 | M97: ='Sim Data'!$H$308 -> 0 | N97: =D97*L97 -> 0 | O97: =IF(MAX(M97,N97)<0.5,"both ≈ 0",IF(N97=0,"no new arrivals",M97/N97)) -> both ≈ 0 | P97: =IF(D97=0,"",IF(H97>=1,"No steady state: the line grows by about "&TEXT((D97-G97*F97)*10,"0")&" in 10 min",IF(ISNUMBER(O97),IF(ABS(O97-1)<=0.2,"Steady: Little's Law holds",IF(O97>1,"Draining a line left from earlier","Line still building")),"Hardly any line"))) -> Hardly any line
A98: With Smart Scan screens | B98: Munch Mess | C98: 14:10 | D98: ='Sim Data'!$E$309 -> 0 | E98: ='Sim Data'!$G$309 -> 0 | F98: =IF(E98>0,1/E98,Assumptions!$B$21) -> 10 | G98: =Assumptions!$B$20 -> 2 | H98: =D98/(G98*F98) -> 0 | I98: =IF(D98=0,"no arrivals",IF(H98<0.85,"stable",IF(H98<1,"near capacity","over capacity"))) -> no arrivals | J98: =IF(AND(D98>0,H98<1),((D98/F98)^G98/FACT(G98)/(1-H98))/(SUMPRODUCT(--({0,1,2,3,4,5,6,7,8,9}<G98),(D98/F98)^{0,1,2,3,4,5,6,7,8,9}/FACT({0,1,2,3,4,5,6,7,8,9}))+((D98/F98)^G98/FACT(G98)/(1-H98)))/(G98*F98-D98),"—") -> — | K98: =IF(ISNUMBER(J98),(1+Assumptions!$B$22^2)/2*J98,"—") -> — | L98: ='Sim Data'!$F$309 -> 0 | M98: ='Sim Data'!$H$309 -> 0 | N98: =D98*L98 -> 0 | O98: =IF(MAX(M98,N98)<0.5,"both ≈ 0",IF(N98=0,"no new arrivals",M98/N98)) -> both ≈ 0 | P98: =IF(D98=0,"",IF(H98>=1,"No steady state: the line grows by about "&TEXT((D98-G98*F98)*10,"0")&" in 10 min",IF(ISNUMBER(O98),IF(ABS(O98-1)<=0.2,"Steady: Little's Law holds",IF(O98>1,"Draining a line left from earlier","Line still building")),"Hardly any line")))
A99: With Smart Scan screens | B99: Munch Mess | C99: 14:20 | D99: ='Sim Data'!$E$310 -> 0 | E99: ='Sim Data'!$G$310 -> 0 | F99: =IF(E99>0,1/E99,Assumptions!$B$21) -> 10 | G99: =Assumptions!$B$20 -> 2 | H99: =D99/(G99*F99) -> 0 | I99: =IF(D99=0,"no arrivals",IF(H99<0.85,"stable",IF(H99<1,"near capacity","over capacity"))) -> no arrivals | J99: =IF(AND(D99>0,H99<1),((D99/F99)^G99/FACT(G99)/(1-H99))/(SUMPRODUCT(--({0,1,2,3,4,5,6,7,8,9}<G99),(D99/F99)^{0,1,2,3,4,5,6,7,8,9}/FACT({0,1,2,3,4,5,6,7,8,9}))+((D99/F99)^G99/FACT(G99)/(1-H99)))/(G99*F99-D99),"—") -> — | K99: =IF(ISNUMBER(J99),(1+Assumptions!$B$22^2)/2*J99,"—") -> — | L99: ='Sim Data'!$F$310 -> 0 | M99: ='Sim Data'!$H$310 -> 0 | N99: =D99*L99 -> 0 | O99: =IF(MAX(M99,N99)<0.5,"both ≈ 0",IF(N99=0,"no new arrivals",M99/N99)) -> both ≈ 0 | P99: =IF(D99=0,"",IF(H99>=1,"No steady state: the line grows by about "&TEXT((D99-G99*F99)*10,"0")&" in 10 min",IF(ISNUMBER(O99),IF(ABS(O99-1)<=0.2,"Steady: Little's Law holds",IF(O99>1,"Draining a line left from earlier","Line still building")),"Hardly any line")))
A102: Utilisation by slot (chart data)
A103: Slot | B103: Central CT, today | C103: Munch Mess, today | D103: Central CT, with screens | E103: Munch Mess, with screens | F103: Capacity (ρ = 100%)
A104: 11:30 | B104: =H28 -> 0 | C104: =H46 -> 0 | D104: =H64 -> 0 | E104: =H82 -> 0 | F104: 1
A105: 11:40 | B105: =H29 -> 0 | C105: =H47 -> 0 | D105: =H65 -> 0 | E105: =H83 -> 0 | F105: 1
A106: 11:50 | B106: =H30 -> 0 | C106: =H48 -> 0 | D106: =H66 -> 0 | E106: =H84 -> 0 | F106: 1
A107: 12:00 | B107: =H31 -> 0.68706075 | C107: =H49 -> 0.17416075 | D107: =H67 -> 0.68706075 | E107: =H85 -> 0.17416075 | F107: 1
A108: 12:10 | B108: =H32 -> 0.928198 | C108: =H50 -> 0.223614 | D108: =H68 -> 0.928198 | E108: =H86 -> 0.223614 | F108: 1
A109: 12:20 | B109: =H33 -> 0.95880225 | C109: =H51 -> 0.24025 | D109: =H69 -> 0.949329 | E109: =H87 -> 0.252757 | F109: 1
A110: 12:30 | B110: =H34 -> 1.1310075 | C110: =H52 -> 0.279675 | D110: =H70 -> 1.0625528 | E110: =H88 -> 0.34845 | F110: 1
A111: 12:40 | B111: =H35 -> 1.0102783 | C111: =H53 -> 0.2728575 | D111: =H71 -> 0.9428625 | E111: =H89 -> 0.34046325 | F111: 1
A112: 12:50 | B112: =H36 -> 0.8649765 | C112: =H54 -> 0.217626 | D112: =H72 -> 0.809977 | E112: =H90 -> 0.270204 | F112: 1
A113: 13:00 | B113: =H37 -> 1.0646165 | C113: =H55 -> 0.2805 | D113: =H73 -> 1.0285 | E113: =H91 -> 0.3095965 | F113: 1
A114: 13:10 | B114: =H38 -> 1.465742 | C114: =H56 -> 0.381 | D114: =H74 -> 1.0648225 | E114: =H92 -> 0.777308 | F114: 1
A115: 13:20 | B115: =H39 -> 1.4695395 | C115: =H57 -> 0.364188 | D115: =H75 -> 1.0037365 | E115: =H93 -> 0.78864 | F115: 1
... A121: 14:20 | B121: =H45 -> 0 | C121: =H63 -> 0 | D121: =H81 -> 0 | E121: =H99 -> 0 | F121: 1

Sheet Q3 Seats & disposal
A1: Seats and disposal
A2: Each seat is a server and one meal is its service (M/G/c with c = seats); disposal never queues (M/G/∞).
A4: Summary
A5: Scenario | B5: Mess | C5: Peak seat ρ | D5: Peak seats in use | E5: Seats | F5: Average eating time (min)
A6: Today (no screens) | B6: Central CT | C6: =_xlfn.MAXIFS($G$21:$G$92,$A$21:$A$92,"Today (no screens)",$B$21:$B$92,"Central CT") -> 0.36105449 | D6: ='Sim Data'!$D$368 -> 340.8 | E6: =Assumptions!$B$26 -> 900 | F6: =SUMPRODUCT('Sim Data'!$E$41:$E$58,'Sim Data'!$G$41:$G$58)/SUM('Sim Data'!$E$41:$E$58) -> 15.999986
A7: Today (no screens) | B7: Munch Mess | C7: =_xlfn.MAXIFS($G$21:$G$92,$A$21:$A$92,"Today (no screens)",$B$21:$B$92,"Munch Mess") -> 0.24810694 | D7: ='Sim Data'!$D$369 -> 128 | E7: =Assumptions!$B$27 -> 492 | F7: =SUMPRODUCT('Sim Data'!$E$131:$E$148,'Sim Data'!$G$131:$G$148)/SUM('Sim Data'!$E$131:$E$148) -> 16.029977
A8: With Smart Scan screens | B8: Central CT | C8: =_xlfn.MAXIFS($G$21:$G$92,$A$21:$A$92,"With Smart Scan screens",$B$21:$B$92,"Central CT") -> 0.3573092 | D8: ='Sim Data'!$D$370 -> 335.8 | E8: =Assumptions!$B$26 -> 900 | F8: =SUMPRODUCT('Sim Data'!$E$221:$E$238,'Sim Data'!$G$221:$G$238)/SUM('Sim Data'!$E$221:$E$238) -> 15.994889
A9: With Smart Scan screens | B9: Munch Mess | C9: =_xlfn.MAXIFS($G$21:$G$92,$A$21:$A$92,"With Smart Scan screens",$B$21:$B$92,"Munch Mess") -> 0.51767001 | D9: ='Sim Data'!$D$371 -> 263.9 | E9: =Assumptions!$B$27 -> 492 | F9: =SUMPRODUCT('Sim Data'!$E$311:$E$328,'Sim Data'!$G$311:$G$328)/SUM('Sim Data'!$E$311:$E$328) -> 16.012928
A11: Takeaway: Seats are never the constraint. Even in the surge, arrivals × eating time stays far below the 900 seats at Central and 492 at Munch, so nobody waits for a seat. Little's Law fits well in the middle of the lunch; at the edges it drifts because a meal (about 16 minutes) is longer than a 10-minute slot. Disposal never queues.
A19: Slot by slot
A20: Scenario | B20: Mess | C20: Slot | D20: λ sitting down (/min) | E20: Eating time W (min) | F20: Seats c | G20: ρ = λW ÷ c | H20: Stable? | I20: Seats in use (simulated) | J20: Seats in use (λ × W) | K20: Little's Law ratio | L20: People at the bins (λ × W)
A21: Today (no screens) | B21: Central CT | C21: 11:30 | D21: ='Sim Data'!$E$41 -> 0 | E21: =IF('Sim Data'!$G$41>0,'Sim Data'!$G$41,(Assumptions!$B$28+Assumptions!$B$29)/2) -> 16 | F21: =Assumptions!$B$26 -> 900 | G21: =D21*E21/F21 -> 0 | H21: =IF(D21=0,"no arrivals",IF(G21<1,"stable: seats free","over capacity")) -> no arrivals | I21: ='Sim Data'!$I$41 -> 0 | J21: =D21*E21 -> 0 | K21: =IF(MAX(I21,J21)<5,"≈ 0",IF(J21=0,"no new diners",I21/J21)) -> ≈ 0 | L21: ='Sim Data'!$E$59*'Sim Data'!$G$59 -> 0
A22: Today (no screens) | B22: Central CT | C22: 11:40 | D22: ='Sim Data'!$E$42 -> 0 | E22: =IF('Sim Data'!$G$42>0,'Sim Data'!$G$42,(Assumptions!$B$28+Assumptions!$B$29)/2) -> 16 | F22: =Assumptions!$B$26 -> 900 | G22: =D22*E22/F22 -> 0 | H22: =IF(D22=0,"no arrivals",IF(G22<1,"stable: seats free","over capacity")) -> no arrivals | I22: ='Sim Data'!$I$42 -> 0 | J22: =D22*E22 -> 0 | K22: =IF(MAX(I22,J22)<5,"≈ 0",IF(J22=0,"no new diners",I22/J22)) -> ≈ 0 | L22: ='Sim Data'!$E$60*'Sim Data'!$G$60 -> 0
A23: Today (no screens) | B23: Central CT | C23: 11:50 | D23: ='Sim Data'!$E$43 -> 0 | E23: =IF('Sim Data'!$G$43>0,'Sim Data'!$G$43,(Assumptions!$B$28+Assumptions!$B$29)/2) -> 16 | F23: =Assumptions!$B$26 -> 900 | G23: =D23*E23/F23 -> 0 | H23: =IF(D23=0,"no arrivals",IF(G23<1,"stable: seats free","over capacity")) -> no arrivals | I23: ='Sim Data'!$I$43 -> 0 | J23: =D23*E23 -> 0 | K23: =IF(MAX(I23,J23)<5,"≈ 0",IF(J23=0,"no new diners",I23/J23)) -> ≈ 0 | L23: ='Sim Data'!$E$61*'Sim Data'!$G$61 -> 0
A24: Today (no screens) | B24: Central CT | C24: 12:00 | D24: ='Sim Data'!$E$44 -> 10.825 | E24: =IF('Sim Data'!$G$44>0,'Sim Data'!$G$44,(Assumptions!$B$28+Assumptions!$B$29)/2) -> 16.0199 | F24: =Assumptions!$B$26 -> 900 | G24: =D24*E24/F24 -> 0.1926838 | H24: =IF(D24=0,"no arrivals",IF(G24<1,"stable: seats free","over capacity")) -> stable: seats free | I24: ='Sim Data'!$I$44 -> 39.0209 | J24: =D24*E24 -> 173.41542 | K24: =IF(MAX(I24,J24)<5,"≈ 0",IF(J24=0,"no new diners",I24/J24)) -> 0.22501402 | L24: ='Sim Data'!$E$62*'Sim Data'!$G$62 -> 0
A25: Today (no screens) | B25: Central CT | C25: 12:10 | D25: ='Sim Data'!$E$45 -> 17.58 | E25: =IF('Sim Data'!$G$45>0,'Sim Data'!$G$45,(Assumptions!$B$28+Assumptions!$B$29)/2) -> 15.9978 | F25: =Assumptions!$B$26 -> 900 | G25: =D25*E25/F25 -> 0.31249036 | H25: =IF(D25=0,"no arrivals",IF(G25<1,"stable: seats free","over capacity")) -> stable: seats free | I25: ='Sim Data'!$I$45 -> 190.3209 | J25: =D25*E25 -> 281.24132 | K25: =IF(MAX(I25,J25)<5,"≈ 0",IF(J25=0,"no new diners",I25/J25)) -> 0.67671741 | L25: ='Sim Data'!$E$63*'Sim Data'!$G$63 -> 3.141502
A26: Today (no screens) | B26: Central CT | C26: 12:20 | D26: ='Sim Data'!$E$46 -> 18.725 | E26: =IF('Sim Data'!$G$46>0,'Sim Data'!$G$46,(Assumptions!$B$28+Assumptions!$B$29)/2) -> 15.9372 | F26: =Assumptions!$B$26 -> 900 | G26: =D26*E26/F26 -> 0.3315823 | H26: =IF(D26=0,"no arrivals",IF(G26<1,"stable: seats free","over capacity")) -> stable: seats free | I26: ='Sim Data'!$I$46 -> 283.9617 | J26: =D26*E26 -> 298.42407 | K26: =IF(MAX(I26,J26)<5,"≈ 0",IF(J26=0,"no new diners",I26/J26)) -> 0.95153752 | L26: ='Sim Data'!$E$64*'Sim Data'!$G$64 -> 23.13831
A27: Today (no screens) | B27: Central CT | C27: 12:30 | D27: ='Sim Data'!$E$47 -> 19.72 | E27: =IF('Sim Data'!$G$47>0,'Sim Data'!$G$47,(Assumptions!$B$28+Assumptions!$B$29)/2) -> 16.0145 | F27: =Assumptions!$B$26 -> 900 | G27: =D27*E27/F27 -> 0.35089549 | H27: =IF(D27=0,"no arrivals",IF(G27<1,"stable: seats free","over capacity")) -> stable: seats free | I27: ='Sim Data'!$I$47 -> 301.5679 | J27: =D27*E27 -> 315.80594 | K27: =IF(MAX(I27,J27)<5,"≈ 0",IF(J27=0,"no new diners",I27/J27)) -> 0.95491522 | L27: ='Sim Data'!$E$65*'Sim Data'!$G$65 -> 27.814728
A28: Today (no screens) | B28: Central CT | C28: 12:40 | D28: ='Sim Data'!$E$48 -> 19.885 | E28: =IF('Sim Data'!$G$48>0,'Sim Data'!$G$48,(Assumptions!$B$28+Assumptions!$B$29)/2) -> 16.005 | F28: =Assumptions!$B$26 -> 900 | G28: =D28*E28/F28 -> 0.35362158 | H28: =IF(D28=0,"no arrivals",IF(G28<1,"stable: seats free","over capacity")) -> stable: seats free | I28: ='Sim Data'!$I$48 -> 313.8677 | J28: =D28*E28 -> 318.25943 | K28: =IF(MAX(I28,J28)<5,"≈ 0",IF(J28=0,"no new diners",I28/J28)) -> 0.9862008 | L28: ='Sim Data'!$E$66*'Sim Data'!$G$66 -> 27.743776
A29: Today (no screens) | B29: Central CT | C29: 12:50 | D29: ='Sim Data'!$E$49 -> 17.975 | E29: =IF('Sim Data'!$G$49>0,'Sim Data'!$G$49,(Assumptions!$B$28+Assumptions!$B$29)/2) -> 16.0141 | F29: =Assumptions!$B$26 -> 900 | G29: =D29*E29/F29 -> 0.31983716 | H29: =IF(D29=0,"no arrivals",IF(G29<1,"stable: seats free","over capacity")) -> stable: seats free | I29: ='Sim Data'!$I$49 -> 309.8301 | J29: =D29*E29 -> 287.85345 | K29: =IF(MAX(I29,J29)<5,"≈ 0",IF(J29=0,"no new diners",I29/J29)) -> 1.0763467 | L29: ='Sim Data'!$E$67*'Sim Data'!$G$67 -> 29.859063
A30: Today (no screens) | B30: Central CT | C30: 13:00 | D30: ='Sim Data'!$E$50 -> 19.1 | E30: =IF('Sim Data'!$G$50>0,'Sim Data'!$G$50,(Assumptions!$B$28+Assumptions!$B$29)/2) -> 15.9857 | F30: =Assumptions!$B$26 -> 900 | G30: =D30*E30/F30 -> 0.33925208 | H30: =IF(D30=0,"no arrivals",IF(G30<1,"stable: seats free","over capacity")) -> stable: seats free | I30: ='Sim Data'!$I$50 -> 295.2475 | J30: =D30*E30 -> 305.32687 | K30: =IF(MAX(I30,J30)<5,"≈ 0",IF(J30=0,"no new diners",I30/J30)) -> 0.96698826 | L30: ='Sim Data'!$E$68*'Sim Data'!$G$68 -> 29.046494
A31: Today (no screens) | B31: Central CT | C31: 13:10 | D31: ='Sim Data'!$E$51 -> 20.03 | E31: =IF('Sim Data'!$G$51>0,'Sim Data'!$G$51,(Assumptions!$B$28+Assumptions!$B$29)/2) -> 16.0244 | F31: =Assumptions!$B$26 -> 900 | G31: =D31*E31/F31 -> 0.35663192 | H31: =IF(D31=0,"no arrivals",IF(G31<1,"stable: seats free","over capacity")) -> stable: seats free | I31: ='Sim Data'!$I$51 -> 309.0409 | J31: =D31*E31 -> 320.96873 | K31: =IF(MAX(I31,J31)<5,"≈ 0",IF(J31=0,"no new diners",I31/J31)) -> 0.96283802 | L31: ='Sim Data'!$E$69*'Sim Data'!$G$69 -> 27.238418
A32: Today (no screens) | B32: Central CT | C32: 13:20 | D32: ='Sim Data'!$E$52 -> 19.53 | E32: =IF('Sim Data'!$G$52>0,'Sim Data'!$G$52,(Assumptions!$B$28+Assumptions!$B$29)/2) -> 16.0102 | F32: =Assumptions!$B$26 -> 900 | G32: =D32*E32/F32 -> 0.34742134 | H32: =IF(D32=0,"no arrivals",IF(G32<1,"stable: seats free","over capacity")) -> stable: seats free | I32: ='Sim Data'!$I$52 -> 318.7968 | J32: =D32*E32 -> 312.67921 | K32: =IF(MAX(I32,J32)<5,"≈ 0",IF(J32=0,"no new diners",I32/J32)) -> 1.0195651 | L32: ='Sim Data'!$E$70*'Sim Data'!$G$70 -> 29.190862
A33: Today (no screens) | B33: Central CT | C33: 13:30 | D33: ='Sim Data'!$E$53 -> 19.14 | E33: =IF('Sim Data'!$G$53>0,'Sim Data'!$G$53,(Assumptions!$B$28+Assumptions!$B$29)/2) -> 16.029 | F33: =Assumptions!$B$26 -> 900 | G33: =D33*E33/F33 -> 0.3408834 | H33: =IF(D33=0,"no arrivals",IF(G33<1,"stable: seats free","over capacity")) -> stable: seats free | I33: ='Sim Data'!$I$53 -> 314.1192 | J33: =D33*E33 -> 306.79506 | K33: =IF(MAX(I33,J33)<5,"≈ 0",IF(J33=0,"no new diners",I33/J33)) -> 1.0238731 | L33: ='Sim Data'!$E$71*'Sim Data'!$G$71 -> 29.949486
A34: Today (no screens) | B34: Central CT | C34: 13:40 | D34: ='Sim Data'!$E$54 -> 17.805 | E34: =IF('Sim Data'!$G$54>0,'Sim Data'!$G$54,(Assumptions!$B$28+Assumptions!$B$29)/2) -> 15.9593 | F34: =Assumptions!$B$26 -> 900 | G34: =D34*E34/F34 -> 0.31572815 | H34: =IF(D34=0,"no arrivals",IF(G34<1,"stable: seats free","over capacity")) -> stable: seats free | I34: ='Sim Data'!$I$54 -> 296.1703 | J34: =D34*E34 -> 284.15534 | K34: =IF(MAX(I34,J34)<5,"≈ 0",IF(J34=0,"no new diners",I34/J34)) -> 1.0422831 | L34: ='Sim Data'!$E$72*'Sim Data'!$G$72 -> 29.318531
A35: Today (no screens) | B35: Central CT | C35: 13:50 | D35: ='Sim Data'!$E$55 -> 20.305 | E35: =IF('Sim Data'!$G$55>0,'Sim Data'!$G$55,(Assumptions!$B$28+Assumptions!$B$29)/2) -> 16.0034 | F35: =Assumptions!$B$26 -> 900 | G35: =D35*E35/F35 -> 0.36105449 | H35: =IF(D35=0,"no arrivals",IF(G35<1,"stable: seats free","over capacity")) -> stable: seats free | I35: ='Sim Data'!$I$55 -> 300.2076 | J35: =D35*E35 -> 324.94904 | K35: =IF(MAX(I35,J35)<5,"≈ 0",IF(J35=0,"no new diners",I35/J35)) -> 0.92386056 | L35: ='Sim Data'!$E$73*'Sim Data'!$G$73 -> 27.290813
A36: Today (no screens) | B36: Central CT | C36: 14:00 | D36: ='Sim Data'!$E$56 -> 14.125 | E36: =IF('Sim Data'!$G$56>0,'Sim Data'!$G$56,(Assumptions!$B$28+Assumptions!$B$29)/2) -> 16.0069 | F36: =Assumptions!$B$26 -> 900 | G36: =D36*E36/F36 -> 0.2512194 | H36: =IF(D36=0,"no arrivals",IF(G36<1,"stable: seats free","over capacity")) -> stable: seats free | I36: ='Sim Data'!$I$56 -> 307.91 | J36: =D36*E36 -> 226.09746 | K36: =IF(MAX(I36,J36)<5,"≈ 0",IF(J36=0,"no new diners",I36/J36)) -> 1.3618463 | L36: ='Sim Data'!$E$74*'Sim Data'!$G$74 -> 28.998366
A37: Today (no screens) | B37: Central CT | C37: 14:10 | D37: ='Sim Data'!$E$57 -> 1.185 | E37: =IF('Sim Data'!$G$57>0,'Sim Data'!$G$57,(Assumptions!$B$28+Assumptions!$B$29)/2) -> 15.9538 | F37: =Assumptions!$B$26 -> 900 | G37: =D37*E37/F37 -> 0.021005837 | H37: =IF(D37=0,"no arrivals",IF(G37<1,"stable: seats free","over capacity")) -> stable: seats free | I37: ='Sim Data'!$I$57 -> 170.2096 | J37: =D37*E37 -> 18.905253 | K37: =IF(MAX(I37,J37)<5,"≈ 0",IF(J37=0,"no new diners",I37/J37)) -> 9.0032966 | L37: ='Sim Data'!$E$75*'Sim Data'!$G$75 -> 30.129137
A38: Today (no screens) | B38: Central CT | C38: 14:20 | D38: ='Sim Data'!$E$58 -> 0 | E38: =IF('Sim Data'!$G$58>0,'Sim Data'!$G$58,(Assumptions!$B$28+Assumptions!$B$29)/2) -> 16 | F38: =Assumptions!$B$26 -> 900 | G38: =D38*E38/F38 -> 0 | H38: =IF(D38=0,"no arrivals",IF(G38<1,"stable: seats free","over capacity")) -> no arrivals | I38: ='Sim Data'!$I$58 -> 24.2056 | J38: =D38*E38 -> 0 | K38: =IF(MAX(I38,J38)<5,"≈ 0",IF(J38=0,"no new diners",I38/J38)) -> no new diners | L38: ='Sim Data'!$E$76*'Sim Data'!$G$76 -> 10.5917
A39: Today (no screens) | B39: Munch Mess | C39: 11:30 | D39: ='Sim Data'!$E$131 -> 0 | E39: =IF('Sim Data'!$G$131>0,'Sim Data'!$G$131,(Assumptions!$B$28+Assumptions!$B$29)/2) -> 16 | F39: =Assumptions!$B$27 -> 492 | G39: =D39*E39/F39 -> 0 | H39: =IF(D39=0,"no arrivals",IF(G39<1,"stable: seats free","over capacity")) -> no arrivals | I39: ='Sim Data'!$I$131 -> 0 | J39: =D39*E39 -> 0 | K39: =IF(MAX(I39,J39)<5,"≈ 0",IF(J39=0,"no new diners",I39/J39)) -> ≈ 0 | L39: ='Sim Data'!$E$149*'Sim Data'!$G$149 -> 0
A40: Today (no screens) | B40: Munch Mess | C40: 11:40 | D40: ='Sim Data'!$E$132 -> 0 | E40: =IF('Sim Data'!$G$132>0,'Sim Data'!$G$132,(Assumptions!$B$28+Assumptions!$B$29)/2) -> 16 | F40: =Assumptions!$B$27 -> 492 | G40: =D40*E40/F40 -> 0 | H40: =IF(D40=0,"no arrivals",IF(G40<1,"stable: seats free","over capacity")) -> no arrivals | I40: ='Sim Data'!$I$132 -> 0 | J40: =D40*E40 -> 0 | K40: =IF(MAX(I40,J40)<5,"≈ 0",IF(J40=0,"no new diners",I40/J40)) -> ≈ 0 | L40: ='Sim Data'!$E$150*'Sim Data'!$G$150 -> 0
A41: Today (no screens) | B41: Munch Mess | C41: 11:50 | D41: ='Sim Data'!$E$133 -> 0 | E41: =IF('Sim Data'!$G$133>0,'Sim Data'!$G$133,(Assumptions!$B$28+Assumptions!$B$29)/2) -> 16 | F41: =Assumptions!$B$27 -> 492 | G41: =D41*E41/F41 -> 0 | H41: =IF(D41=0,"no arrivals",IF(G41<1,"stable: seats free","over capacity")) -> no arrivals | I41: ='Sim Data'!$I$133 -> 0 | J41: =D41*E41 -> 0 | K41: =IF(MAX(I41,J41)<5,"≈ 0",IF(J41=0,"no new diners",I41/J41)) -> ≈ 0 | L41: ='Sim Data'!$E$151*'Sim Data'!$G$151 -> 0
A42: Today (no screens) | B42: Munch Mess | C42: 12:00 | D42: ='Sim Data'!$E$134 -> 3.07 | E42: =IF('Sim Data'!$G$134>0,'Sim Data'!$G$134,(Assumptions!$B$28+Assumptions!$B$29)/2) -> 16.0073 | F42: =Assumptions!$B$27 -> 492 | G42: =D42*E42/F42 -> 0.099882949 | H42: =IF(D42=0,"no arrivals",IF(G42<1,"stable: seats free","over capacity")) -> stable: seats free | I42: ='Sim Data'!$I$134 -> 11.6759 | J42: =D42*E42 -> 49.142411 | K42: =IF(MAX(I42,J42)<5,"≈ 0",IF(J42=0,"no new diners",I42/J42)) -> 0.23759315 | L42: ='Sim Data'!$E$152*'Sim Data'!$G$152 -> 0
A43: Today (no screens) | B43: Munch Mess | C43: 12:10 | D43: ='Sim Data'!$E$135 -> 4.47 | E43: =IF('Sim Data'!$G$135>0,'Sim Data'!$G$135,(Assumptions!$B$28+Assumptions!$B$29)/2) -> 16.1394 | F43: =Assumptions!$B$27 -> 492 | G43: =D43*E43/F43 -> 0.14663235 | H43: =IF(D43=0,"no arrivals",IF(G43<1,"stable: seats free","over capacity")) -> stable: seats free | I43: ='Sim Data'!$I$135 -> 51.514 | J43: =D43*E43 -> 72.143118 | K43: =IF(MAX(I43,J43)<5,"≈ 0",IF(J43=0,"no new diners",I43/J43)) -> 0.71405286 | L43: ='Sim Data'!$E$153*'Sim Data'!$G$153 -> 1.03719
A44: Today (no screens) | B44: Munch Mess | C44: 12:20 | D44: ='Sim Data'!$E$136 -> 4.725 | E44: =IF('Sim Data'!$G$136>0,'Sim Data'!$G$136,(Assumptions!$B$28+Assumptions!$B$29)/2) -> 16.025 | F44: =Assumptions!$B$27 -> 492 | G44: =D44*E44/F44 -> 0.15389863 | H44: =IF(D44=0,"no arrivals",IF(G44<1,"stable: seats free","over capacity")) -> stable: seats free | I44: ='Sim Data'!$I$136 -> 73.1067 | J44: =D44*E44 -> 75.718125 | K44: =IF(MAX(I44,J44)<5,"≈ 0",IF(J44=0,"no new diners",I44/J44)) -> 0.96551123 | L44: ='Sim Data'!$E$154*'Sim Data'!$G$154 -> 6.0423435
A45: Today (no screens) | B45: Munch Mess | C45: 12:30 | D45: ='Sim Data'!$E$137 -> 5.635 | E45: =IF('Sim Data'!$G$137>0,'Sim Data'!$G$137,(Assumptions!$B$28+Assumptions!$B$29)/2) -> 16.0169 | F45: =Assumptions!$B$27 -> 492 | G45: =D45*E45/F45 -> 0.18344559 | H45: =IF(D45=0,"no arrivals",IF(G45<1,"stable: seats free","over capacity")) -> stable: seats free | I45: ='Sim Data'!$I$137 -> 79.4773 | J45: =D45*E45 -> 90.255231 | K45: =IF(MAX(I45,J45)<5,"≈ 0",IF(J45=0,"no new diners",I45/J45)) -> 0.88058386 | L45: ='Sim Data'!$E$155*'Sim Data'!$G$155 -> 7.200592
A46: Today (no screens) | B46: Munch Mess | C46: 12:40 | D46: ='Sim Data'!$E$138 -> 5.44 | E46: =IF('Sim Data'!$G$138>0,'Sim Data'!$G$138,(Assumptions!$B$28+Assumptions!$B$29)/2) -> 16.093 | F46: =Assumptions!$B$27 -> 492 | G46: =D46*E46/F46 -> 0.17793886 | H46: =IF(D46=0,"no arrivals",IF(G46<1,"stable: seats free","over capacity")) -> stable: seats free | I46: ='Sim Data'!$I$138 -> 86.9208 | J46: =D46*E46 -> 87.54592 | K46: =IF(MAX(I46,J46)<5,"≈ 0",IF(J46=0,"no new diners",I46/J46)) -> 0.99285952 | L46: ='Sim Data'!$E$156*'Sim Data'!$G$156 -> 7.368741
A47: Today (no screens) | B47: Munch Mess | C47: 12:50 | D47: ='Sim Data'!$E$139 -> 4.5 | E47: =IF('Sim Data'!$G$139>0,'Sim Data'!$G$139,(Assumptions!$B$28+Assumptions!$B$29)/2) -> 16.0555 | F47: =Assumptions!$B$27 -> 492 | G47: =D47*E47/F47 -> 0.14684909 | H47: =IF(D47=0,"no arrivals",IF(G47<1,"stable: seats free","over capacity")) -> stable: seats free | I47: ='Sim Data'!$I$139 -> 84.173 | J47: =D47*E47 -> 72.24975 | K47: =IF(MAX(I47,J47)<5,"≈ 0",IF(J47=0,"no new diners",I47/J47)) -> 1.1650283 | L47: ='Sim Data'!$E$157*'Sim Data'!$G$157 -> 8.31945
A48: Today (no screens) | B48: Munch Mess | C48: 13:00 | D48: ='Sim Data'!$E$140 -> 4.99 | E48: =IF('Sim Data'!$G$140>0,'Sim Data'!$G$140,(Assumptions!$B$28+Assumptions!$B$29)/2) -> 16.0477 | F48: =Assumptions!$B$27 -> 492 | G48: =D48*E48/F48 -> 0.16276021 | H48: =IF(D48=0,"no arrivals",IF(G48<1,"stable: seats free","over capacity")) -> stable: seats free | I48: ='Sim Data'!$I$140 -> 74.5739 | J48: =D48*E48 -> 80.078023 | K48: =IF(MAX(I48,J48)<5,"≈ 0",IF(J48=0,"no new diners",I48/J48)) -> 0.9312655 | L48: ='Sim Data'!$E$158*'Sim Data'!$G$158 -> 7.809984
A49: Today (no screens) | B49: Munch Mess | C49: 13:10 | D49: ='Sim Data'!$E$141 -> 7.395 | E49: =IF('Sim Data'!$G$141>0,'Sim Data'!$G$141,(Assumptions!$B$28+Assumptions!$B$29)/2) -> 15.9736 | F49: =Assumptions!$B$27 -> 492 | G49: =D49*E49/F49 -> 0.240091 | H49: =IF(D49=0,"no arrivals",IF(G49<1,"stable: seats free","over capacity")) -> stable: seats free | I49: ='Sim Data'!$I$141 -> 91.1072 | J49: =D49*E49 -> 118.12477 | K49: =IF(MAX(I49,J49)<5,"≈ 0",IF(J49=0,"no new diners",I49/J49)) -> 0.77127937 | L49: ='Sim Data'!$E$159*'Sim Data'!$G$159 -> 6.588946
A50: Today (no screens) | B50: Munch Mess | C50: 13:20 | D50: ='Sim Data'!$E$142 -> 7.605 | E50: =IF('Sim Data'!$G$142>0,'Sim Data'!$G$142,(Assumptions!$B$28+Assumptions!$B$29)/2) -> 16.0511 | F50: =Assumptions!$B$27 -> 492 | G50: =D50*E50/F50 -> 0.24810694 | H50: =IF(D50=0,"no arrivals",IF(G50<1,"stable: seats free","over capacity")) -> stable: seats free | I50: ='Sim Data'!$I$142 -> 117.1498 | J50: =D50*E50 -> 122.06862 | K50: =IF(MAX(I50,J50)<5,"≈ 0",IF(J50=0,"no new diners",I50/J50)) -> 0.9597045 | L50: ='Sim Data'!$E$160*'Sim Data'!$G$160 -> 9.166675
A51: Today (no screens) | B51: Munch Mess | C51: 13:30 | D51: ='Sim Data'!$E$143 -> 5.755 | E51: =IF('Sim Data'!$G$143>0,'Sim Data'!$G$143,(Assumptions!$B$28+Assumptions!$B$29)/2) -> 15.9911 | F51: =Assumptions!$B$27 -> 492 | G51: =D51*E51/F51 -> 0.18705037 | H51: =IF(D51=0,"no arrivals",IF(G51<1,"stable: seats free","over capacity")) -> stable: seats free | I51: ='Sim Data'!$I$143 -> 113.2962 | J51: =D51*E51 -> 92.02878 | K51: =IF(MAX(I51,J51)<5,"≈ 0",IF(J51=0,"no new diners",I51/J51)) -> 1.2310953 | L51: ='Sim Data'!$E$161*'Sim Data'!$G$161 -> 11.26309
A52: Today (no screens) | B52: Munch Mess | C52: 13:40 | D52: ='Sim Data'!$E$144 -> 3.93 | E52: =IF('Sim Data'!$G$144>0,'Sim Data'!$G$144,(Assumptions!$B$28+Assumptions!$B$29)/2) -> 15.987 | F52: =Assumptions!$B$27 -> 492 | G52: =D52*E52/F52 -> 0.12770104 | H52: =IF(D52=0,"no arrivals",IF(G52<1,"stable: seats free","over capacity")) -> stable: seats free | I52: ='Sim Data'!$I$144 -> 87.4645 | J52: =D52*E52 -> 62.82891 | K52: =IF(MAX(I52,J52)<5,"≈ 0",IF(J52=0,"no new diners",I52/J52)) -> 1.392106 | L52: ='Sim Data'!$E$162*'Sim Data'!$G$162 -> 10.46496
A53: Today (no screens) | B53: Munch Mess | C53: 13:50 | D53: ='Sim Data'!$E$145 -> 2.06 | E53: =IF('Sim Data'!$G$145>0,'Sim Data'!$G$145,(Assumptions!$B$28+Assumptions!$B$29)/2) -> 15.9408 | F53: =Assumptions!$B$27 -> 492 | G53: =D53*E53/F53 -> 0.066744 | H53: =IF(D53=0,"no arrivals",IF(G53<1,"stable: seats free","over capacity")) -> stable: seats free | I53: ='Sim Data'!$I$145 -> 56.2858 | J53: =D53*E53 -> 32.838048 | K53: =IF(MAX(I53,J53)<5,"≈ 0",IF(J53=0,"no new diners",I53/J53)) -> 1.7140422 | L53: ='Sim Data'!$E$163*'Sim Data'!$G$163 -> 7.6140225
A54: Today (no screens) | B54: Munch Mess | C54: 14:00 | D54: ='Sim Data'!$E$146 -> 0.29 | E54: =IF('Sim Data'!$G$146>0,'Sim Data'!$G$146,(Assumptions!$B$28+Assumptions!$B$29)/2) -> 15.9064 | F54: =Assumptions!$B$27 -> 492 | G54: =D54*E54/F54 -> 0.0093757236 | H54: =IF(D54=0,"no arrivals",IF(G54<1,"stable: seats free","over capacity")) -> stable: seats free | I54: ='Sim Data'!$I$146 -> 27.4256 | J54: =D54*E54 -> 4.612856 | K54: =IF(MAX(I54,J54)<5,"≈ 0",IF(J54=0,"no new diners",I54/J54)) -> 5.9454707 | L54: ='Sim Data'!$E$164*'Sim Data'!$G$164 -> 4.611546
A55: Today (no screens) | B55: Munch Mess | C55: 14:10 | D55: ='Sim Data'!$E$147 -> 0 | E55: =IF('Sim Data'!$G$147>0,'Sim Data'!$G$147,(Assumptions!$B$28+Assumptions!$B$29)/2) -> 16 | F55: =Assumptions!$B$27 -> 492 | G55: =D55*E55/F55 -> 0 | H55: =IF(D55=0,"no arrivals",IF(G55<1,"stable: seats free","over capacity")) -> no arrivals | I55: ='Sim Data'!$I$147 -> 5.4633 | J55: =D55*E55 -> 0 | K55: =IF(MAX(I55,J55)<5,"≈ 0",IF(J55=0,"no new diners",I55/J55)) -> no new diners | L55: ='Sim Data'!$E$165*'Sim Data'!$G$165 -> 2.129858
A56: Today (no screens) | B56: Munch Mess | C56: 14:20 | D56: ='Sim Data'!$E$148 -> 0 | E56: =IF('Sim Data'!$G$148>0,'Sim Data'!$G$148,(Assumptions!$B$28+Assumptions!$B$29)/2) -> 16 | F56: =Assumptions!$B$27 -> 492 | G56: =D56*E56/F56 -> 0 | H56: =IF(D56=0,"no arrivals",IF(G56<1,"stable: seats free","over capacity")) -> no arrivals | I56: ='Sim Data'!$I$148 -> 0 | J56: =D56*E56 -> 0 | K56: =IF(MAX(I56,J56)<5,"≈ 0",IF(J56=0,"no new diners",I56/J56)) -> ≈ 0 | L56: ='Sim Data'!$E$166*'Sim Data'!$G$166 -> 0
